,DJ Name,Mean Ranking,Num Years,Num Sampled from,Num Sampled by
0,Tiësto,7.142857142857143,21,53,43
1,Paul van Dyk,29.714285714285715,21,5,11
2,Armin Van Buuren,2.9523809523809526,21,27,13
3,Sasha,16.25,8,11,2
4,Ferry Corsten,47.285714285714285,21,7,15
5,Hernan Cattaneo,28.625,8,0,0
6,Christopher Lawrence,16.25,4,0,0
7,John Digweed,25.88888888888889,9,0,0
8,Paul Oakenfold,36.4,10,0,18
9,Deep Dish,16.0,5,0,2
10,Carl Cox,33.285714285714285,21,6,13
11,Sander Kleinenberg,37.166666666666664,6,0,2
12,ATB,35.666666666666664,21,20,12
13,Judge Jules,28.375,8,2,0
14,James Zabiela,33.0,8,0,0
15,Marco V,33.0,7,2,3
16,Roger Sanchez,46.625,8,16,19
17,Benny Benassi,37.5,10,62,16
18,Tall Paul,45.666666666666664,3,0,2
19,Danny Howells,43.25,4,0,1
20,Steve Lawler,50.333333333333336,6,0,0
21,Erick Morillo,39.25,8,14,4
22,Chris Liebing,49.6,5,1,4
23,DJ Dan,17.666666666666668,3,0,27
24,Eddie Halliwell,30.75,8,0,0
25,Andy C,73.54545454545455,11,8,64
26,Mauro Picotto,49.6,5,19,23
27,Johan Gielen,42.5,2,0,0
28,Lady Dana,53.5,2,0,6
29,Lisa Lashes,70.0,6,1,10
30,Adam Freeland,31.0,1,7,6
31,Markus Schulz,30.357142857142858,14,2,3
32,Yoji Biomehanika,52.333333333333336,3,0,4
33,Sven Väth,44.375,8,3,1
34,Bad Boy Bill,47.6,5,2,37
35,James Holden,44.0,4,3,1
36,Dave Clarke,65.75,4,0,13
37,Blank & Jones,48.5,6,2,5
38,Above & Beyond,22.857142857142858,21,10,7
39,Danny Tenaglia,44.4,5,24,11
40,Gabriel & Dresden,35.6,5,0,4
41,TBC,42.0,1,0,1
42,Nick Warren,50.5,6,0,0
43,Richie Hawtin,48.6,15,0,3
44,Laurent Garnier,66.0,3,5,9
45,Pete Tong,62.42857142857143,7,0,4
46,Jeff Mills,62.666666666666664,3,4,18
47,Satoshi Tomiie,60.5,2,31,2
48,Misstress Barbara,54.0,2,0,1
49,Adam Beyer,62.6,10,0,2
50,Fatboy Slim,75.42857142857143,7,152,552
51,John '00' Fleming,62.0,2,0,0
52,Plump DJ's,69.0,2,0,0
53,David Morales,54.0,1,10,5
54,Umek,60.666666666666664,12,1,10
55,Lee Burridge,76.25,4,0,0
56,Dave Seaman,77.25,4,1,0
57,Fergie,67.66666666666667,3,75,47
58,Matt Hardwick,59.4,5,0,0
59,Slacker,60.0,1,2,0
60,DJ Luna,77.5,2,0,5
61,M.I.K.E.,71.66666666666667,3,0,0
62,DJ Rush,64.0,2,8,6
63,Max Graham,80.0,2,0,0
64,Infected Mushroom,31.181818181818183,11,8,31
65,Mario Piu,63.5,2,0,0
66,David Guetta,7.05,20,175,79
67,DJ Vibe,65.0,6,0,1
68,Kai Tracid,41.0,1,0,3
69,Tiga,55.25,4,5,11
70,DJ Yahel,36.5,2,0,0
71,Andy Moor,38.5,8,4,0
72,Ricardo Villalobos,50.75,4,1,10
73,Ricky Stone,47.75,4,0,0
74,Martin Garcia,50.0,1,0,0
75,Frank T.R.A.X,58.0,2,0,0
76,Timo Maas,58.333333333333336,3,0,8
77,Desyn Masiello,64.66666666666667,3,0,0
78,Victor Calderone,75.66666666666667,3,0,1
79,Armand Van Helden,73.5,2,36,164
80,Michel De Hey,62.0,1,0,1
81,The Flash Brothers,66.0,1,0,0
82,Donald Glaude,61.0,3,0,0
83,Chus & Ceballos,82.5,2,0,1
84,DJ Tatana,74.0,1,0,0
85,Astrix,49.142857142857146,7,0,26
86,Nic Fanciulli,79.5,4,1,13
87,Rank 1,79.0,2,2,4
88,BT,76.75,4,34,27
89,Anne Savage,83.0,1,0,3
90,Miss Kitten,86.0,1,0,0
91,Felix Da Housecat,87.0,1,6,21
92,Christian Cambas,88.0,1,0,0
93,Scot Project,89.0,1,0,0
94,Cosmic Gate,58.333333333333336,9,6,8
95,Matt Darey,63.714285714285715,7,3,1
96,DJ Sammy,76.5,2,15,1
97,Proteus,93.0,1,0,0
98,Moshic,95.0,1,0,0
99,DJ Amadeus,60.5,2,0,0
100,Gigi D'Agostino,98.0,1,124,96
101,Marco Bailey,76.0,2,2,2
102,Magda,87.66666666666667,3,0,0
103,John Acquaviva,43.0,2,0,0
104,Flash Brothers,23.0,1,0,0
105,Offer Nissim,44.75,4,0,4
106,Sander Van Doorn,29.6,10,4,14
107,Gareth Emery,28.444444444444443,9,1,3
108,Phil Kieran,35.0,1,0,2
109,DJ Skazi,37.0,1,0,0
110,D-Formation,39.0,1,0,0
111,The Thrillseekers,61.25,4,1,0
112,Kyau & Albert,40.8,5,3,0
113,Bob Sinclair,55.375,8,0,0
114,Lange,49.333333333333336,6,6,1
115,Wrecked Machines,55.0,1,0,0
116,Dion Mavath,56.0,1,0,0
117,George Acosta,59.0,1,0,2
118,Joachim Garraud,48.6,5,0,5
119,Steve Angello,43.714285714285715,14,14,25
120,Simon Posford,80.5,2,0,0
121,John Graham,73.5,2,0,1
122,Menno De Jong,59.5,4,0,0
123,Scott K,74.0,1,0,1
124,Filo & Peri,80.5,2,1,0
125,DJ Tarkan,78.0,1,0,0
126,Anderson Noise,53.0,3,0,0
127,Serge Devant,81.0,1,0,2
128,Darude,84.0,1,41,2
129,Tallah 2XLC,86.0,1,0,0
130,Ronski Speed,73.2,5,1,0
131,Axel Karakasis,90.0,1,0,0
132,Steve Porter,91.0,1,1,2
133,Axwell,28.11111111111111,9,12,12
134,Stanton Warriors,94.0,1,2,34
135,Robbie Rivera,90.0,3,0,22
136,Agnelli & Nelson,81.5,2,0,1
137,Fedde Le Grand,28.61111111111111,18,10,23
138,Yahel,58.0,3,2,4
139,Eric Prydz,38.55555555555556,18,24,16
140,Mark Knight,62.5,6,0,35
141,Justice,73.75,4,188,75
142,Daft Punk,46.4,10,776,113
143,Martin Solveig,59.75,8,24,6
144,Valentino Kanzyani,75.0,1,0,0
145,Trentemøller,76.0,1,9,5
146,The Chemical Brothers,85.0,2,105,310
147,Luciano,88.33333333333333,3,1,5
148,Hype,82.0,1,0,0
149,Richard Durand,68.0,6,0,1
150,Westbam,92.0,1,29,89
151,Sébastien Léger,86.66666666666667,3,0,22
152,Wally Lopez,74.25,4,0,6
153,Erol Alkan,99.0,1,0,6
154,Deadmau5,35.64705882352941,17,83,84
155,Bobina,49.75,8,0,1
156,Dubfire,50.0,3,2,0
157,Aly & Fila,33.81818181818182,11,0,1
158,Laidback Luke,40.333333333333336,9,17,19
159,Marco Lenzi,49.0,1,0,0
160,Adam Sheridan,53.0,1,0,0
161,Sean Tyas,62.0,5,0,1
162,DJ Feel,57.285714285714285,7,0,0
163,DJ Shah,58.0,1,0,0
164,John O'Callaghan,57.714285714285715,7,1,0
165,Simon Patterson,52.5,4,0,3
166,Laurent Wolf,75.0,3,2,7
167,DJ Hype,71.0,1,9,103
168,Signum,72.0,1,1,3
169,Dirty South,75.4,5,5,3
170,Tiddey,80.33333333333333,3,0,0
171,Greg Downey,82.0,1,0,0
172,Marcel Woods,78.75,4,0,3
173,Solar System,85.0,1,1,0
174,Skazi,79.2,5,0,4
175,Mike Koglin,87.5,2,2,4
176,Solarstone,95.5,2,0,7
177,Astral Projection,80.5,2,1,11
178,Leon Bolier,81.25,4,0,0
179,Tocadisco,91.0,2,6,5
180,Booka Shade,99.0,1,9,7
181,Alex Morph & Woody Van Eyden,100.0,1,0,0
182,Roger Shah,47.5,4,0,0
183,Sebastian Ingrosso,26.333333333333332,6,14,8
184,Kaskade,44.57142857142857,7,33,27
185,tyDi,56.75,4,0,0
186,Boys Noize,80.0,3,7,53
187,Chuckie,49.333333333333336,6,0,1
188,Sharam,73.0,1,0,10
189,Moonbeam,68.75,4,2,0
190,Marcus Schossow,87.5,2,0,0
191,Super8 & Tab,71.0,2,2,2
192,Sied Van Riel,91.0,2,0,0
193,Daniel Kandi,82.0,2,2,0
194,Myon & Shane 54,75.6,5,0,0
195,John B,84.0,2,1,41
196,Antoine Clamaran,96.0,1,0,25
197,Gui Boratto,98.0,1,4,3
198,Alex M.O.R.P.H.,99.0,1,1,1
199,Dash Berlin,13.25,8,11,5
200,Afrojack,8.8,15,52,25
201,Swedish House Mafia,43.9,10,42,25
202,Headhunterz,31.545454545454547,11,12,22
203,Avicii,13.11111111111111,9,106,26
204,Mat Zo,76.0,4,7,19
205,Wolfgang Gartner,62.0,3,6,4
206,W&W,21.333333333333332,15,9,29
207,D-Block & S-te-Fan,62.25,4,1,14
208,Arty,57.4,5,7,6
209,Boy George,86.33333333333333,3,6,17
210,Pete Tha Zouk,55.0,3,0,1
211,Paul Kalkbrenner,86.66666666666667,6,13,53
212,Bloody Beetroots,86.0,2,0,0
213,Arnej,87.0,1,0,0
214,Joris Voorn,88.0,1,0,14
215,Dada Life,47.6,5,13,7
216,Noisecontrollers,57.0,5,3,14
217,Showtek,54.333333333333336,6,15,12
218,Claudia Cazacu,93.0,1,0,0
219,Calvin Harris,24.533333333333335,15,135,21
220,Skrillex,15.928571428571429,14,302,173
221,Hardwell,12.615384615384615,13,14,23
222,Angerfist,42.61538461538461,13,6,110
223,Coone,46.166666666666664,6,0,9
224,Steve Aoki,12.0,14,21,38
225,Zatox,63.833333333333336,6,5,12
226,Orjan Nilsen,52.25,4,0,0
227,Alesso,40.07142857142857,14,15,8
228,Francis Davila,70.0,2,0,0
229,Psyko Punkz,72.5,2,2,6
230,Dimitri Vegas & Like Mike,10.571428571428571,14,18,58
231,Wildstylez,71.4,5,4,6
232,Tritonal,74.0,2,6,3
233,AN21,73.0,2,2,2
234,Felguk,84.4,5,1,1
235,Nero,85.5,2,16,19
236,Juanjo Martin,89.0,1,0,1
237,Tenishia,70.0,5,2,0
238,Sidney Samson,92.0,1,8,11
239,Porter Robinson,67.85714285714286,7,146,27
240,Brennan Heart,66.16666666666667,12,0,8
241,Nicky Romero,25.76923076923077,13,16,19
242,Knife Party,52.75,4,29,25
243,Nervo,32.38461538461539,13,2,8
244,Zedd,41.15384615384615,13,115,18
245,Madeon,65.33333333333333,3,79,37
246,Omnia,53.0,2,0,1
247,Tommy Trash,58.5,2,3,5
248,Bingo Players,71.33333333333333,3,18,18
249,Shogun,61.25,4,0,5
250,R3hab,23.846153846153847,13,6,32
251,MOSIMANN,80.2,5,0,3
252,Wasted Penguinz,79.0,2,3,4
253,Andrew Rayel,54.285714285714285,7,0,0
254,Frontliner,58.5,4,1,2
255,Heatbeat,85.0,3,0,0
256,Thomas Gold,85.5,2,1,8
257,Feed Me,85.0,1,5,17
258,Mike Candys,83.5,4,1,6
259,Ran-D,94.0,2,0,7
260,Netsky,85.0,3,8,45
261,Neelix,96.0,1,1,6
262,Da Tweekaz,76.5,8,2,14
263,Project 46,85.0,2,1,0
264,Dyro,44.25,4,2,5
265,Martin Garrix,5.166666666666667,12,51,10
266,Krewella,52.666666666666664,3,15,5
267,Vicetone,62.0,5,3,8
268,Gunz For Hire,63.0,1,1,6
269,Diplo,38.75,8,41,154
270,Antoine,68.0,1,0,1
271,Blasterjaxx,45.09090909090909,11,4,18
272,Dillon Francis,68.8,5,7,28
273,Dannic,52.2,5,1,4
274,Adaro,75.0,1,0,7
275,Tenashar,87.0,1,0,0
276,Stafford Brothers,90.0,1,1,3
277,Bl3nd,84.5,2,0,0
278,Diego Miranda,61.18181818181818,11,0,3
279,DJs From Mars,95.0,1,1,1213
280,Ummet Ozcan,45.09090909090909,11,2,14
281,Deorro,55.0,6,8,14
282,DVBBS,25.142857142857142,7,5,6
283,Oliver Heldens,14.272727272727273,11,5,25
284,Borgore,61.666666666666664,3,2,11
285,Kura,56.36363636363637,11,0,3
286,Yves V,52.4,5,0,14
287,Firebeatz,66.33333333333333,3,2,17
288,Gabry Ponte,61.0,1,3,55
289,VINAI,42.36363636363637,11,6,9
290,MAKJ,73.0,2,4,9
291,Radical Redemption,66.16666666666667,6,0,6
292,DJ Snake,32.27272727272727,11,88,33
293,Carnage,79.5,4,2,16
294,Zomboy,77.0,1,18,43
295,TJR,80.0,1,9,14
296,3lau,81.0,1,6,106
297,Don Diablo,18.272727272727273,11,8,48
298,Wolfpack,51.714285714285715,7,4,4
299,Quintino,40.09090909090909,11,7,17
300,Borgeous,80.5,2,4,2
301,Audien,88.0,1,2,1
302,Code Black,92.0,1,0,4
303,Merk & Kremont,94.0,1,0,7
304,The Chainsmokers,36.6,10,67,15
305,Axwell Λ Ingrosso,23.75,4,9,4
306,KSHMR,14.4,10,88,14
307,Kygo,34.714285714285715,7,12,11
308,Bassjackers,33.1,10,2,15
309,Alok,13.3,10,5,28
310,Jack U,42.5,2,0,0
311,Tom Swoon,49.666666666666664,3,0,1
312,Major Lazer,47.666666666666664,3,105,70
313,DJ Chetas,46.0,2,1,50
314,Danny Avila,45.888888888888886,9,1,6
315,tchami,79.66666666666667,3,1,17
316,Disclosure,82.5,2,31,42
317,Yellow Claw,62.0,6,4,24
318,Will Sparks,65.375,8,2,6
319,Flux Pavilion,86.0,1,13,16
320,Robin Schulz,79.16666666666667,6,13,10
321,MaRLo,79.0,4,0,0
322,Miss K8,71.25,8,0,20
323,Tujamo,53.2,10,10,15
324,Swanky Tunes,78.6,5,0,3
325,Galantis,67.66666666666667,3,33,30
326,Marshmello,19.11111111111111,9,45,32
327,Florian Picasso,73.16666666666667,6,0,0
328,Lost Stories,52.0,1,0,0
329,Vintage Culture,25.333333333333332,9,1,14
330,Alan Walker,24.88888888888889,9,21,12
331,Timmy Trumpet,22.444444444444443,9,5,36
332,Martin Jensen,62.75,4,1,7
333,Jauz,78.0,2,4,14
334,Carl Nunes,80.25,4,0,0
335,Sam Feldt,81.0,2,1,10
336,Jay Hardway,83.8,5,3,0
337,Flume,90.5,2,29,17
338,Daddy's Groove,89.66666666666667,3,1,7
339,Lost Frequencies,22.375,8,5,1
340,Mike Williams,68.42857142857143,7,1,2
341,Lucas & Steve,78.33333333333333,6,1,15
342,Warface,70.0,2,0,7
343,Claptone,43.375,8,1,21
344,Vini Vici,32.125,8,1,8
345,Cat Dealers,64.75,8,0,6
346,Solomun,90.33333333333333,6,1,10
347,Mariana Bo,51.625,8,0,4
348,Black Coffee,60.285714285714285,7,4,2
349,Alison Wonderland,62.0,6,3,3
350,Maceo Plex,91.0,1,0,14
351,Carta,69.5,6,0,1
352,Julian Jordan,73.57142857142857,7,0,0
353,DJ L,91.0,2,0,0
354,Jeffrey Sutorius,52.0,1,0,0
355,MATTN,62.0,5,0,6
356,Breathe Carolina,68.6,5,6,5
357,Deniz Koyu,75.5,4,4,4
358,Mosimann,81.0,1,0,3
359,NGHTMRE,83.0,1,2,23
360,Marco Carola,90.66666666666667,3,0,0
361,Cedric Gervais,81.5,2,4,6
362,Nina Kraviz,69.25,4,1,2
363,Rave Republic,91.57142857142857,7,0,0
364,SLANDER,100.0,1,0,6
365,FISHER,43.2,5,13,8
366,Illenium,53.5,2,14,14
367,3 Are Legend,66.0,2,0,0
368,Charlotte de Witte,29.5,6,0,3
369,Peggy Gou,38.333333333333336,6,3,5
370,Tom & Collins,76.4,5,0,3
371,Boris Brejcha,59.666666666666664,6,0,0
372,Solardo,88.0,1,2,15
373,Sub Zero Project,95.0,1,0,3
374,D.O.D,86.0,3,0,7
375,Henri PFR,97.0,1,0,3
376,REZZ,59.8,5,0,5
377,Amelie Lens,42.2,5,0,0
378,Jamie Jones,43.2,5,0,7
379,Nora En Pure,61.4,5,1,19
380,TBC - marek,76.0,1,0,0
381,Mr Pig,80.0,3,0,3
382,Pink Panda,80.0,5,0,4
383,Plastik Funk,78.0,5,5,11
384,Green Velvet,83.0,3,10,11
385,Sunnery James & Ryan Marciano,90.0,3,0,6
386,Aryue,85.0,5,0,0
387,Burak Yeter,75.6,5,0,4
388,Tungevaag,83.8,5,0,3
389,Deborah De Luca,61.75,4,0,17
390,Mike Perry,94.0,1,0,1
391,ANNA,95.0,1,5,0
392,Dimitri Vangelis & Wyman,96.0,1,0,0
393,Blastoyz,95.5,2,1,2
394,22Bullets,85.0,5,0,1
395,GORDO,32.0,4,0,1
396,MORTEN,61.666666666666664,3,9,9
397,Beauz,52.666666666666664,3,0,0
398,Panta Q,69.0,1,0,0
399,Naeleck,82.0,4,0,6
400,Virtual Riot,78.0,1,19,61
401,KAAZE,65.0,4,1,6
402,Giftback,90.0,1,0,0
403,Christina Novelli,91.0,1,0,0
404,KAKA,91.5,4,0,0
405,Luminn,96.0,1,0,0
406,Alexso,97.0,1,0,0
407,Daddy’s Groove,98.0,1,0,0
408,Dexter King,99.0,1,0,0
409,VIZE,100.0,1,1,10
410,Reinier Zonneveld,34.0,3,0,3
411,Joel Corry,48.0,3,7,8
412,Topic,74.33333333333333,3,6,6
413,Ofenbach,78.5,2,2,4
414,Honey Dijon,90.0,1,0,2
415,Acraze,82.5,2,6,5
416,Le Twins,86.33333333333333,3,0,0
417,Dubdogz,73.0,3,0,11
418,Maya Jane Coles,97.0,1,5,4
419,Cuebrick,93.66666666666667,3,0,0
420,The Martinez Brothers,76.0,3,0,6
421,Fred Again..,31.0,2,20,66
422,James Hype,70.0,2,5,7
423,MARTEN HØRGER,88.0,1,1,6
424,Kölsch,84.5,2,1,2
425,Maddix,82.0,2,1,7
426,Lizzy Wang,96.0,1,0,1
427,Indira Paganotto,73.0,2,0,0
428,Liu,88.5,2,0,2
429,Le Shuuk,99.0,1,0,8
430,Anyma,17.0,1,2,2
431,Keinemusik,35.0,1,0,1
432,Korolova,60.0,1,0,0
433,Mochakk,61.0,1,0,5
434,Dom Dolla,66.0,1,5,5
435,John Summit,70.0,1,4,7
436,Sara Landry,75.0,1,0,1
437,DubVision,76.0,1,2,4
438,Jax Jones,82.0,1,13,16
439,WUKONG,87.0,1,0,0
440,Marnik,90.0,1,1,7
441,Mau P,91.0,1,6,2
442,B Jones,94.0,1,0,0
443,Giuseppe Ottaviani,98.0,1,0,2
444,Faustix,99.0,1,6,2
445,MEDUZA,100.0,1,19,4
