DJ Name,Num Sampled
Tiësto,53
Paul van Dyk,5
Armin Van Buuren,27
Sasha,0
Ferry Corsten,7
Hernan Cattaneo,0
Christopher Lawrence,0
John Digweed,0
Paul Oakenfold,0
Deep Dish,0
Carl Cox,6
Sander Kleinenberg,0
ATB,20
Judge Jules,0
James Zabiela,0
Marco V,2
Roger Sanchez,16
Benny Benassi,62
Tall Paul,0
Danny Howells,0
Steve Lawler,0
Erick Morillo,14
Chris Liebing,1
DJ Dan,0
Eddie Halliwell,0
Andy C,0
Mauro Picotto,19
Johan Gielen,0
Lady Dana,0
Lisa Lashes,1
Adam Freeland,7
Markus Schulz,2
Yoji Biomehanika,0
Sven Väth,3
Bad Boy Bill,2
James Holden,3
Dave Clarke,0
Blank & Jones,2
Above & Beyond,10
Danny Tenaglia,24
Gabriel & Dresden,0
TBC,0
Nick Warren,0
Richie Hawtin,0
Laurent Garnier,5
Pete Tong,0
Jeff Mills,0
Satoshi Tomiie,31
Misstress Barbara,0
Adam Beyer,0
Fatboy Slim,152
John '00' Fleming,0
Plump DJ's,0
David Morales,10
Umek,1
Lee Burridge,0
Dave Seaman,1
Fergie,75
Matt Hardwick,0
Slacker,2
DJ Luna,0
M.I.K.E.,0
DJ Rush,8
Max Graham,0
Infected Mushroom,8
Mario Piu,0
David Guetta,175
DJ Vibe,0
Kai Tracid,0
Tiga,5
DJ Yahel,0
Andy Moor,4
Ricardo Villalobos,1
Ricky Stone,0
Martin Garcia,0
Frank T.R.A.X,0
Timo Maas,0
Desyn Masiello,0
Victor Calderone,0
Armand Van Helden,0
Michel De Hey,0
The Flash Brothers,0
Donald Glaude,0
Chus & Ceballos,0
DJ Tatana,0
Astrix,0
Nic Fanciulli,1
Rank 1,2
BT,34
Anne Savage,0
Miss Kitten,0
Felix Da Housecat,6
Christian Cambas,0
Scot Project,0
Cosmic Gate,6
Matt Darey,3
DJ Sammy,15
Proteus,0
Moshic,0
DJ Amadeus,0
Gigi D'Agostino,124
Marco Bailey,2
Magda,0
John Acquaviva,0
Flash Brothers,0
Offer Nissim,0
Sander Van Doorn,4
Gareth Emery,1
Phil Kieran,0
DJ Skazi,0
D-Formation,0
The Thrillseekers,1
Kyau & Albert,3
Bob Sinclair,0
Lange,0
Wrecked Machines,0
Dion Mavath,0
George Acosta,0
Joachim Garraud,0
Steve Angello,14
Simon Posford,0
John Graham,0
Menno De Jong,0
Scott K,0
Filo & Peri,0
DJ Tarkan,0
Anderson Noise,0
Serge Devant,0
Darude,41
Tallah 2XLC,0
Ronski Speed,1
Axel Karakasis,0
Steve Porter,0
Axwell,12
Stanton Warriors,2
Robbie Rivera,0
Agnelli & Nelson,0
Fedde Le Grand,0
Yahel,0
Eric Prydz,24
Mark Knight,0
Justice,188
Daft Punk,776
Martin Solveig,24
Valentino Kanzyani,0
Trentemøller,9
The Chemical Brothers,105
Luciano,1
Hype,0
Richard Durand,0
Westbam,0
Sébastien Léger,0
Wally Lopez,0
Erol Alkan,0
Deadmau5,83
Bobina,0
Dubfire,0
Aly & Fila,0
Laidback Luke,17
Marco Lenzi,0
Adam Sheridan,0
Sean Tyas,0
DJ Feel,0
DJ Shah,0
John O'Callaghan,1
Simon Patterson,0
Laurent Wolf,2
DJ Hype,9
Signum,1
Dirty South,5
Tiddey,0
Greg Downey,0
Marcel Woods,0
Solar System,1
Skazi,0
Mike Koglin,2
Solarstone,0
Astral Projection,1
Leon Bolier,0
Tocadisco,6
Booka Shade,0
Alex Morph & Woody Van Eyden,0
Roger Shah,0
Sebastian Ingrosso,14
Kaskade,33
tyDi,0
Boys Noize,7
Chuckie,0
Sharam,0
Moonbeam,2
Marcus Schossow,0
Super8 & Tab,2
Sied Van Riel,0
Daniel Kandi,2
Myon & Shane 54,0
John B,1
Antoine Clamaran,0
Gui Boratto,4
Alex M.O.R.P.H.,1
Dash Berlin,11
Afrojack,52
Swedish House Mafia,42
Headhunterz,12
Avicii,106
Mat Zo,7
Wolfgang Gartner,6
W&W,9
D-Block & S-te-Fan,0
Arty,7
Boy George,6
Pete Tha Zouk,0
Paul Kalkbrenner,13
Bloody Beetroots,0
Arnej,0
Joris Voorn,0
Dada Life,13
Noisecontrollers,3
Showtek,15
Claudia Cazacu,0
Calvin Harris,135
Skrillex,302
Hardwell,14
Angerfist,6
Coone,0
Steve Aoki,21
Zatox,5
Orjan Nilsen,0
Alesso,15
Francis Davila,0
Psyko Punkz,2
Dimitri Vegas & Like Mike,18
Wildstylez,4
Tritonal,6
AN21,0
Felguk,1
Nero,16
Juanjo Martin,0
Tenishia,2
Sidney Samson,8
Porter Robinson,0
Brennan Heart,0
Nicky Romero,16
Knife Party,29
Nervo,2
Zedd,115
Madeon,79
Omnia,0
Tommy Trash,0
Bingo Players,18
Shogun,0
R3hab,6
MOSIMANN,0
Wasted Penguinz,3
Andrew Rayel,0
Frontliner,1
Heatbeat,0
Thomas Gold,0
Feed Me,5
Mike Candys,1
Ran-D,0
Netsky,8
Neelix,1
Da Tweekaz,2
Project 46,1
Dyro,2
Martin Garrix,51
Krewella,15
Vicetone,3
Gunz For Hire,1
Diplo,41
Antoine,0
Blasterjaxx,4
Dillon Francis,0
Dannic,1
Adaro,0
Tenashar,0
Stafford Brothers,1
Bl3nd,0
Diego Miranda,0
DJs From Mars,1
Ummet Ozcan,2
Deorro,8
DVBBS,5
Oliver Heldens,5
Borgore,2
Kura,0
Yves V,0
Firebeatz,2
Gabry Ponte,3
VINAI,6
MAKJ,0
Radical Redemption,0
DJ Snake,88
Carnage,2
Zomboy,18
TJR,9
3lau,6
Don Diablo,8
Wolfpack,4
Quintino,7
Borgeous,4
Audien,2
Code Black,0
Merk & Kremont,0
The Chainsmokers,67
Axwell Λ Ingrosso,9
KSHMR,88
Kygo,12
Bassjackers,2
Alok,5
Jack U,0
Tom Swoon,0
Major Lazer,105
DJ Chetas,1
Danny Avila,1
tchami,1
Disclosure,31
Yellow Claw,4
Will Sparks,2
Flux Pavilion,13
Robin Schulz,13
MaRLo,0
Miss K8,0
Tujamo,10
Swanky Tunes,0
Galantis,33
Marshmello,45
Florian Picasso,0
Lost Stories,0
Vintage Culture,0
Alan Walker,21
Timmy Trumpet,5
Martin Jensen,1
Jauz,4
Carl Nunes,0
Sam Feldt,1
Jay Hardway,3
Flume,29
Daddy's Groove,1
Lost Frequencies,5
Mike Williams,1
Lucas & Steve,1
Warface,0
Claptone,1
Vini Vici,1
Cat Dealers,0
Solomun,1
Mariana Bo,0
Black Coffee,4
Alison Wonderland,3
Maceo Plex,0
Carta,0
Julian Jordan,0
DJ L,0
Jeffrey Sutorius,0
MATTN,0
Breathe Carolina,0
Deniz Koyu,4
Mosimann,0
NGHTMRE,2
Marco Carola,0
Cedric Gervais,4
Nina Kraviz,1
Rave Republic,0
SLANDER,0
FISHER,13
Illenium,0
3 Are Legend,0
Charlotte de Witte,0
Peggy Gou,3
Tom & Collins,0
Boris Brejcha,0
Solardo,2
Sub Zero Project,0
D.O.D,0
Henri PFR,0
REZZ,0
Amelie Lens,0
Jamie Jones,0
Nora En Pure,1
TBC - marek,0
Mr Pig,0
Pink Panda,0
Plastik Funk,0
Green Velvet,10
Sunnery James & Ryan Marciano,0
Aryue,0
Burak Yeter,0
Tungevaag,0
Deborah De Luca,0
Mike Perry,0
ANNA,5
Dimitri Vangelis & Wyman,0
Blastoyz,1
22Bullets,0
GORDO,0
MORTEN,9
Beauz,0
Panta Q,0
Naeleck,0
Virtual Riot,19
KAAZE,1
Giftback,0
Christina Novelli,1
KAKA,0
Luminn,0
Alexso,0
Daddy’s Groove,0
Dexter King,0
VIZE,1
Reinier Zonneveld,0
Joel Corry,7
Topic,6
Ofenbach,2
Honey Dijon,0
Acraze,6
Le Twins,0
Dubdogz,0
Maya Jane Coles,5
Cuebrick,0
The Martinez Brothers,0
Fred Again..,20
James Hype,5
MARTEN HØRGER,1
Kölsch,1
Maddix,0
Lizzy Wang,0
Indira Paganotto,0
Liu,0
Le Shuuk,0
Anyma,2
Keinemusik,0
Korolova,0
Mochakk,0
Dom Dolla,5
John Summit,0
Sara Landry,0
DubVision,0
Jax Jones,13
WUKONG,0
Marnik,1
Mau P,6
B Jones,0
Giuseppe Ottaviani,0
Faustix,6
MEDUZA,0
