,DJ Name,Mean Ranking,Num Years,Num Sampled,Bayesian Ranking
0,Tiësto,7.142857142857143,21,53,12.485315533980582
1,Paul van Dyk,29.714285714285715,21,5,32.23531553398058
2,Armin Van Buuren,2.9523809523809526,21,27,8.818648867313916
3,Sasha,16.25,8,11,25.422506619594
4,Ferry Corsten,47.285714285714285,21,7,47.61031553398058
10,Carl Cox,33.285714285714285,21,6,35.36031553398058
12,ATB,35.666666666666664,21,20,37.44364886731392
13,Judge Jules,28.375,8,2,34.240688437775816
15,Marco V,33.0,7,2,38.0647572815534
16,Roger Sanchez,46.625,8,16,47.51341571050309
17,Benny Benassi,37.5,10,62,40.35750560119492
21,Erick Morillo,39.25,8,14,42.14977934686672
22,Chris Liebing,49.6,5,1,49.70594660194175
25,Andy C,73.54545454545455,11,8,68.474826629681
26,Mauro Picotto,49.6,5,19,49.70594660194175
29,Lisa Lashes,70.0,6,1,63.29417475728155
30,Adam Freeland,31.0,1,7,45.161893203883494
31,Markus Schulz,30.357142857142858,14,2,33.802798400913765
33,Sven Väth,44.375,8,3,45.87705207413945
34,Bad Boy Bill,47.6,5,2,48.45594660194175
35,James Holden,44.0,4,3,46.52108183079057
37,Blank & Jones,48.5,6,2,48.96084142394822
38,Above & Beyond,22.857142857142858,21,10,26.235315533980582
39,Danny Tenaglia,44.4,5,24,46.45594660194175
44,Laurent Garnier,66.0,3,5,57.94126213592233
46,Jeff Mills,62.666666666666664,3,4,56.274595469255665
47,Satoshi Tomiie,60.5,2,31,54.129514563106795
50,Fatboy Slim,75.42857142857143,7,152,67.7647572815534
53,David Morales,54.0,1,10,50.911893203883494
54,Umek,60.666666666666664,12,1,58.509838187702265
56,Dave Seaman,77.25,4,1,65.52108183079056
57,Fergie,67.66666666666667,3,75,58.774595469255665
59,Slacker,60.0,1,2,52.411893203883494
62,DJ Rush,64.0,2,8,55.529514563106794
64,Infected Mushroom,31.181818181818183,11,8,35.18911234396671
66,David Guetta,7.05,20,175,12.636850991979738
69,Tiga,55.25,4,5,52.949653259361995
71,Andy Moor,38.5,8,4,41.60432480141218
72,Ricardo Villalobos,50.75,4,1,50.378224687933425
79,Armand Van Helden,73.5,2,36,59.3295145631068
86,Nic Fanciulli,79.5,4,1,66.80679611650486
87,Rank 1,79.0,2,2,61.529514563106794
88,BT,76.75,4,34,65.23536754507629
91,Felix Da Housecat,87.0,1,6,59.161893203883494
94,Cosmic Gate,58.333333333333336,9,6,56.220631067961165
95,Matt Darey,63.714285714285715,7,3,59.5647572815534
96,DJ Sammy,76.5,2,15,60.529514563106794
100,Gigi D'Agostino,98.0,1,124,61.911893203883494
101,Marco Bailey,76.0,2,2,60.3295145631068
106,Sander Van Doorn,29.6,10,4,34.28058252427184
107,Gareth Emery,28.444444444444443,9,1,33.8039644012945
111,The Thrillseekers,61.25,4,1,56.378224687933425
112,Kyau & Albert,40.8,5,3,44.20594660194175
114,Lange,49.333333333333336,6,6,49.516396979503774
119,Steve Angello,43.714285714285715,14,14,44.802798400913765
124,Filo & Peri,80.5,2,1,62.129514563106795
128,Darude,84.0,1,41,58.411893203883494
130,Ronski Speed,73.2,5,1,64.45594660194175
132,Steve Porter,91.0,1,1,60.161893203883494
133,Axwell,28.11111111111111,9,12,33.5539644012945
134,Stanton Warriors,94.0,1,2,60.911893203883494
137,Fedde Le Grand,28.61111111111111,18,10,31.649884419787334
138,Yahel,58.0,3,2,53.94126213592233
139,Eric Prydz,38.55555555555556,18,24,40.17369394359686
141,Justice,73.75,4,188,63.52108183079057
142,Daft Punk,46.4,10,776,47.20365944734877
143,Martin Solveig,59.75,8,24,57.058870255957636
145,Trentemøller,76.0,1,9,56.411893203883494
146,The Chemical Brothers,85.0,2,105,63.92951456310679
147,Luciano,88.33333333333333,3,1,69.107928802589
150,Westbam,92.0,1,29,60.411893203883494
154,Deadmau5,35.64705882352941,17,83,37.7823786407767
156,Dubfire,50.0,3,2,49.94126213592233
158,Laidback Luke,40.333333333333336,9,17,42.720631067961165
164,John O'Callaghan,57.714285714285715,7,1,55.364757281553395
166,Laurent Wolf,75.0,3,2,62.44126213592233
167,DJ Hype,71.0,1,9,55.161893203883494
168,Signum,72.0,1,1,55.411893203883494
169,Dirty South,75.4,5,5,65.83094660194175
173,Solar System,85.0,1,1,58.661893203883494
175,Mike Koglin,87.5,2,2,64.92951456310679
177,Astral Projection,80.5,2,1,62.129514563106795
179,Tocadisco,91.0,2,6,66.3295145631068
180,Booka Shade,99.0,1,9,62.161893203883494
183,Sebastian Ingrosso,26.333333333333332,6,14,34.18306364617044
184,Kaskade,44.57142857142857,7,33,46.1647572815534
186,Boys Noize,80.0,3,7,64.94126213592233
189,Moonbeam,68.75,4,2,60.66393897364771
191,Super8 & Tab,71.0,2,2,58.3295145631068
193,Daniel Kandi,82.0,2,2,62.7295145631068
195,John B,84.0,2,1,63.529514563106794
197,Gui Boratto,98.0,1,4,61.911893203883494
198,Alex M.O.R.P.H.,99.0,1,1,62.161893203883494
199,Dash Berlin,13.25,8,11,23.240688437775816
200,Afrojack,8.8,15,52,15.647087378640776
201,Swedish House Mafia,43.9,10,42,45.28058252427184
202,Headhunterz,31.545454545454547,11,12,35.474826629681
203,Avicii,13.11111111111111,9,106,22.303964401294497
204,Mat Zo,76.0,4,7,64.80679611650486
205,Wolfgang Gartner,62.0,3,6,55.94126213592233
206,W&W,21.333333333333332,15,9,26.09153182308522
207,D-Block & S-te-Fan,62.25,4,1,56.949653259361995
208,Arty,57.4,5,7,54.58094660194175
209,Boy George,86.33333333333333,3,6,68.107928802589
211,Paul Kalkbrenner,86.66666666666667,6,13,74.40528586839267
215,Dada Life,47.6,5,13,48.45594660194175
216,Noisecontrollers,57.0,5,3,54.33094660194175
217,Showtek,54.333333333333336,6,15,52.84973031283711
219,Calvin Harris,24.533333333333335,15,135,28.758198489751887
220,Skrillex,15.928571428571429,14,302,21.920445459737294
221,Hardwell,12.615384615384615,13,14,19.602973300970874
222,Angerfist,42.61538461538461,13,6,43.97797330097087
224,Steve Aoki,12.0,14,21,18.685151342090233
225,Zatox,63.833333333333336,6,5,59.18306364617044
227,Alesso,40.07142857142857,14,15,41.802798400913765
229,Psyko Punkz,72.5,2,2,58.92951456310679
230,Dimitri Vegas & Like Mike,10.571428571428571,14,18,17.50868075385494
231,Wildstylez,71.4,5,4,63.33094660194175
232,Tritonal,74.0,2,6,59.529514563106794
233,AN21,73.0,2,2,59.129514563106795
234,Felguk,84.4,5,1,71.45594660194175
235,Nero,85.5,2,16,64.1295145631068
237,Tenishia,70.0,5,2,62.45594660194175
238,Sidney Samson,92.0,1,8,60.411893203883494
239,Porter Robinson,67.85714285714286,7,146,62.464757281553396
241,Nicky Romero,25.76923076923077,13,16,30.290473300970874
242,Knife Party,52.75,4,29,51.52108183079057
243,Nervo,32.38461538461539,13,2,35.66547330097087
244,Zedd,41.15384615384615,13,115,42.79047330097087
245,Madeon,65.33333333333333,3,79,57.607928802588994
247,Tommy Trash,58.5,2,3,53.3295145631068
248,Bingo Players,71.33333333333333,3,18,60.607928802588994
250,R3hab,23.846153846153847,13,6,28.727973300970874
252,Wasted Penguinz,79.0,2,3,61.529514563106794
254,Frontliner,58.5,4,1,54.806796116504856
256,Thomas Gold,85.5,2,1,64.1295145631068
257,Feed Me,85.0,1,5,58.661893203883494
258,Mike Candys,83.5,4,1,69.09251040221913
260,Netsky,85.0,3,8,67.44126213592233
261,Neelix,96.0,1,1,61.411893203883494
262,Da Tweekaz,76.5,8,2,69.24068843777582
263,Project 46,85.0,2,1,63.92951456310679
264,Dyro,44.25,4,2,46.66393897364771
265,Martin Garrix,5.166666666666667,12,51,14.109838187702264
266,Krewella,52.666666666666664,3,15,51.274595469255665
267,Vicetone,62.0,5,3,57.45594660194175
268,Gunz For Hire,63.0,1,1,53.161893203883494
269,Diplo,38.75,8,41,41.78614298323036
271,Blasterjaxx,45.09090909090909,11,4,46.11768377253814
272,Dillon Francis,68.8,5,7,61.70594660194175
273,Dannic,52.2,5,1,51.33094660194175
276,Stafford Brothers,90.0,1,1,59.911893203883494
279,DJs From Mars,95.0,1,1,61.161893203883494
280,Ummet Ozcan,45.09090909090909,11,2,46.11768377253814
281,Deorro,55.0,6,8,53.29417475728155
282,DVBBS,25.142857142857142,7,5,32.5647572815534
283,Oliver Heldens,14.272727272727273,11,5,21.903398058252428
284,Borgore,61.666666666666664,3,2,55.774595469255665
287,Firebeatz,66.33333333333333,3,2,58.107928802588994
288,Gabry Ponte,61.0,1,3,52.661893203883494
289,VINAI,42.36363636363637,11,6,43.974826629681
290,MAKJ,73.0,2,4,59.129514563106795
292,DJ Snake,32.27272727272727,11,88,36.04625520110957
293,Carnage,79.5,4,2,66.80679611650486
294,Zomboy,77.0,1,18,56.661893203883494
295,TJR,80.0,1,9,57.411893203883494
296,3lau,81.0,1,6,57.661893203883494
297,Don Diablo,18.272727272727273,11,8,25.04625520110957
298,Wolfpack,51.714285714285715,7,4,51.1647572815534
299,Quintino,40.09090909090909,11,7,42.18911234396671
300,Borgeous,80.5,2,4,62.129514563106795
301,Audien,88.0,1,2,59.411893203883494
304,The Chainsmokers,36.6,10,67,39.66519790888723
305,Axwell Λ Ingrosso,23.75,4,9,34.949653259361995
306,KSHMR,14.4,10,88,22.588274831964153
307,Kygo,34.714285714285715,7,12,39.2647572815534
308,Bassjackers,33.1,10,2,36.972890216579536
309,Alok,13.3,10,5,21.742120985810306
312,Major Lazer,47.666666666666664,3,105,48.774595469255665
313,DJ Chetas,46.0,2,1,48.3295145631068
314,Danny Avila,45.888888888888886,9,1,46.88729773462783
315,tchami,79.66666666666667,3,1,64.77459546925566
316,Disclosure,82.5,2,31,62.92951456310679
317,Yellow Claw,62.0,6,4,57.96084142394822
318,Will Sparks,65.375,8,2,61.14977934686672
319,Flux Pavilion,86.0,1,13,58.911893203883494
320,Robin Schulz,79.16666666666667,6,13,69.40528586839267
323,Tujamo,53.2,10,10,52.434428678117996
325,Galantis,67.66666666666667,3,33,58.774595469255665
326,Marshmello,19.11111111111111,9,45,26.803964401294497
329,Vintage Culture,25.333333333333332,9,1,31.470631067961165
330,Alan Walker,24.88888888888889,9,21,31.137297734627833
331,Timmy Trumpet,22.444444444444443,9,5,29.303964401294497
332,Martin Jensen,62.75,4,1,57.23536754507628
333,Jauz,78.0,2,4,61.129514563106795
335,Sam Feldt,81.0,2,1,62.3295145631068
336,Jay Hardway,83.8,5,3,71.08094660194175
337,Flume,90.5,2,29,66.1295145631068
338,Daddy's Groove,89.66666666666667,3,1,69.77459546925566
339,Lost Frequencies,22.375,8,5,29.877052074139453
340,Mike Williams,68.42857142857143,7,1,62.864757281553395
341,Lucas & Steve,78.33333333333333,6,1,68.84973031283711
343,Claptone,43.375,8,1,45.14977934686672
344,Vini Vici,32.125,8,1,36.96796116504854
346,Solomun,90.33333333333333,6,1,76.84973031283711
348,Black Coffee,60.285714285714285,7,4,57.1647572815534
349,Alison Wonderland,62.0,6,3,57.96084142394822
356,Breathe Carolina,68.6,5,6,61.58094660194175
357,Deniz Koyu,75.5,4,4,64.52108183079056
359,NGHTMRE,83.0,1,2,58.161893203883494
361,Cedric Gervais,81.5,2,4,62.529514563106794
362,Nina Kraviz,69.25,4,1,60.949653259361995
365,FISHER,43.2,5,13,45.70594660194175
366,Illenium,53.5,2,14,51.3295145631068
369,Peggy Gou,38.333333333333336,6,3,42.18306364617044
372,Solardo,88.0,1,2,59.411893203883494
379,Nora En Pure,61.4,5,1,57.08094660194175
383,Plastik Funk,78.0,5,5,67.45594660194175
384,Green Velvet,83.0,3,10,66.44126213592233
391,ANNA,95.0,1,5,61.161893203883494
393,Blastoyz,95.5,2,1,68.1295145631068
396,MORTEN,61.666666666666664,3,9,55.774595469255665
400,Virtual Riot,78.0,1,19,56.911893203883494
401,KAAZE,65.0,4,1,58.52108183079057
409,VIZE,100.0,1,1,62.411893203883494
411,Joel Corry,48.0,3,7,48.94126213592233
412,Topic,74.33333333333333,3,6,62.107928802588994
413,Ofenbach,78.5,2,2,61.3295145631068
415,Acraze,82.5,2,6,62.92951456310679
418,Maya Jane Coles,97.0,1,5,61.661893203883494
421,Fred Again..,31.0,2,20,42.3295145631068
422,James Hype,70.0,2,5,57.92951456310679
423,MARTEN HØRGER,88.0,1,1,59.411893203883494
424,Kölsch,84.5,2,1,63.7295145631068
425,Maddix,82.0,2,1,62.7295145631068
430,Anyma,17.0,1,2,41.661893203883494
434,Dom Dolla,66.0,1,5,53.911893203883494
435,John Summit,70.0,1,4,54.911893203883494
437,DubVision,76.0,1,2,56.411893203883494
438,Jax Jones,82.0,1,13,57.911893203883494
440,Marnik,90.0,1,1,59.911893203883494
441,Mau P,91.0,1,6,60.161893203883494
444,Faustix,99.0,1,6,62.161893203883494
445,MEDUZA,100.0,1,19,62.411893203883494
