Year,Rank,DJ Name
2004,1,
2004,1,Tiësto
2004,2,
2004,2,Paul van Dyk
2004,3,
2004,3,Armin Van Buuren
2004,4,
2004,4,Sasha
2004,5,
2004,5,Ferry Corsten
2004,6,
2004,6,Hernan Cattaneo
2004,7,
2004,7,Christopher Lawrence
2004,8,
2004,8,John Digweed
2004,9,
2004,9,Paul Oakenfold
2004,10,
2004,10,Deep Dish
2004,11,
2004,11,Carl Cox
2004,12,
2004,12,Sander Kleinenberg
2004,13,
2004,13,ATB
2004,14,
2004,14,Judge Jules
2004,15,
2004,15,James Zabiela
2004,16,
2004,16,Marco V
2004,17,
2004,17,Roger Sanchez
2004,18,
2004,18,Benny Benassi
2004,19,
2004,19,Tall Paul
2004,20,
2004,20,Danny Howells
2004,21,
2004,21,Steve Lawler
2004,22,
2004,22,Erick Morillo
2004,23,
2004,23,Chris Liebing
2004,24,
2004,24,DJ Dan
2004,25,
2004,25,Eddie Halliwell
2004,26,
2004,26,Andy C
2004,27,
2004,27,Mauro Picotto
2004,28,
2004,28,Johan Gielen
2004,29,
2004,29,Lady Dana
2004,30,
2004,30,Lisa Lashes
2004,31,
2004,31,Adam Freeland
2004,32,
2004,32,Markus Schulz
2004,33,
2004,33,Yoji Biomehanika
2004,34,
2004,34,Sven Väth
2004,35,
2004,35,Bad Boy Bill
2004,36,
2004,36,James Holden
2004,37,
2004,37,Dave Clarke
2004,38,
2004,38,Blank & Jones
2004,39,
2004,39,Above & Beyond
2004,40,
2004,40,Danny Tenaglia
2004,41,
2004,41,Gabriel & Dresden
2004,42,
2004,42,TBC
2004,43,
2004,43,Nick Warren
2004,44,
2004,44,Richie Hawtin
2004,45,
2004,45,Laurent Garnier
2004,46,
2004,46,Pete Tong
2004,47,
2004,47,Jeff Mills
2004,48,
2004,48,Satoshi Tomiie
2004,49,
2004,49,Misstress Barbara
2004,50,
2004,50,Adam Beyer
2004,51,
2004,51,Fatboy Slim
2004,52,
2004,52,John '00' Fleming
2004,53,
2004,53,Plump DJ's
2004,54,
2004,54,David Morales
2004,55,
2004,55,Umek
2004,56,
2004,56,Lee Burridge
2004,57,
2004,57,Dave Seaman
2004,58,
2004,58,Fergie
2004,59,
2004,59,Matt Hardwick
2004,60,
2004,60,Slacker
2004,61,
2004,61,DJ Luna
2004,62,
2004,62,M.I.K.E
2004,63,
2004,63,DJ Rush
2004,64,
2004,64,Max Graham
2005,1,
2005,1,Paul van Dyk
2005,2,
2005,2,Tiësto
2005,3,
2005,3,Armin Van Buuren
2005,4,
2005,4,Sasha
2005,5,
2005,5,Ferry Corsten
2005,6,
2005,6,John Digweed
2005,7,
2005,7,Hernan Cattaneo
2005,8,
2005,8,Deep Dish
2005,9,
2005,9,ATB
2005,10,
2005,10,Carl Cox
2005,11,
2005,11,Paul Oakenfold
2005,12,
2005,12,Richie Hawtin
2005,13,
2005,13,James Zabiela
2005,14,
2005,14,Christopher Lawrence
2005,15,
2005,15,Judge Jules
2005,16,
2005,16,Marco V
2005,17,
2005,17,Eddie Halliwell
2005,18,
2005,18,Erick Morillo
2005,19,
2005,19,Above & Beyond
2005,20,
2005,20,Sander Kleinenberg
2005,21,
2005,21,Markus Schulz
2005,22,
2005,22,Benny Benassi
2005,23,
2005,23,Sven Väth
2005,24,
2005,24,DJ Dan
2005,25,
2005,25,Danny Howells
2005,26,
2005,26,Infected Mushroom
2005,27,
2005,27,Roger Sanchez
2005,28,
2005,28,Mauro Picotto
2005,29,
2005,29,Gabriel & Dresden
2005,30,
2005,30,Steve Lawler
2005,31,
2005,31,Blank & Jones
2005,32,
2005,32,Yoji Biomehanika
2005,33,
2005,33,Chris Liebing
2005,34,
2005,34,Danny Tenaglia
2005,35,
2005,35,Nick Warren
2005,36,
2005,36,Dave Clarke
2005,37,
2005,37,James Holden
2005,38,
2005,38,Mario Piu
2005,39,
2005,39,David Guetta
2005,40,
2005,40,DJ Vibe
2005,41,
2005,41,Kai Tracid
2005,42,
2005,42,Bad Boy Bill
2005,43,
2005,43,Tall Paul
2005,44,
2005,44,Tiga
2005,45,
2005,45,DJ Yahel
2005,46,
2005,46,Andy Moor
2005,47,
2005,47,Ricardo Villalobos
2005,48,
2005,48,Ricky Stone
2005,49,
2005,49,Pete Tong
2005,50,
2005,50,Martin Garcia
2005,51,
2005,51,Frank T.R.A.X
2005,52,
2005,52,Timo Maas
2005,53,
2005,53,Laurent Garnier
2005,54,
2005,54,Desyn Masiello
2005,55,
2005,55,Victor Calderone
2005,56,
2005,56,Lisa Lashes
2005,57,
2005,57,Johan Gielen
2005,58,
2005,58,Matt Hardwick
2005,59,
2005,59,Misstress Barbara
2005,60,
2005,60,Fergie
2005,61,
2005,61,Armand Van Helden
2005,62,
2005,62,Michel De Hey
2005,63,
2005,63,Fatboy Slim
2005,64,
2005,64,Jeff Mills
2005,65,
2005,65,DJ Rush
2005,66,
2005,66,The Flash Brothers
2005,67,
2005,67,Adam Beyer
2005,67,
2005,67,Adam Beyer
2005,68,
2005,68,Donald Glaude
2005,69,
2005,69,Dave Seaman
2005,70,
2005,70,Andy C
2005,71,
2005,71,Chus & Ceballos
2005,72,
2005,72,John '00' Fleming
2005,73,
2005,73,Satoshi Tomiie
2005,74,
2005,74,DJ Tatana
2005,75,
2005,75,Astrix
2005,76,
2005,76,Lee Burridge
2005,77,
2005,77,M.I.K.E
2005,78,
2005,78,Lady Dana
2005,79,
2005,79,Umek
2005,80,
2005,80,Nic Fanciulli
2005,81,
2005,81,Rank 1
2005,82,
2005,82,BT
2005,83,
2005,83,Anne Savage
2005,85,
2005,85,Plump DJ's
2005,86,
2005,86,Miss Kitten
2005,87,
2005,87,Felix Da Housecat
2005,88,
2005,88,Christian Cambas
2005,89,
2005,89,Scot Project
2005,90,
2005,90,Cosmic Gate
2005,91,
2005,91,Matt Darey
2005,92,
2005,92,DJ Sammy
2005,93,
2005,93,Proteus
2005,94,
2005,94,DJ Luna
2005,95,
2005,95,Moshic
2005,96,
2005,96,Max Graham
2005,97,
2005,97,DJ Amadeus
2005,98,
2005,98,Gigi D'Agostino
2005,99,
2005,99,Marco Bailey
2005,100,
2005,100,Magda
2006,1,
2006,1,Paul van Dyk
2006,2,
2006,2,Armin Van Buuren
2006,3,
2006,3,Tiësto
2006,4,
2006,4,Christopher Lawrence
2006,5,
2006,5,DJ Dan
2006,6,
2006,6,Ferry Corsten
2006,7,
2006,7,Sasha
2006,8,
2006,8,John Digweed
2006,9,
2006,9,Above & Beyond
2006,10,
2006,10,Deep Dish
2006,11,
2006,11,Carl Cox
2006,12,
2006,12,Infected Mushroom
2006,13,
2006,13,ATB
2006,14,
2006,14,Paul Oakenfold
2006,15,
2006,15,Hernan Cattaneo
2006,16,
2006,16,Judge Jules
2006,17,
2006,17,Eddie Halliwell
2006,18,
2006,18,Marco V
2006,19,
2006,19,Markus Schulz
2006,20,
2006,20,Gabriel & Dresden
2006,21,
2006,21,James Zabiela
2006,22,
2006,22,John Acquaviva
2006,23,
2006,23,Flash Brothers
2006,24,
2006,24,DJ Amadeus
2006,25,
2006,25,Erick Morillo
2006,26,
2006,26,Benny Benassi
2006,27,
2006,27,Sander Kleinenberg
2006,28,
2006,28,DJ Yahel
2006,29,
2006,29,Offer Nissim
2006,30,
2006,30,Andy Moor
2006,31,
2006,31,David Guetta
2006,32,
2006,32,Sander Van Doorn
2006,33,
2006,33,Richie Hawtin
2006,34,
2006,34,Gareth Emery
2006,35,
2006,35,Phil Kieran
2006,36,
2006,36,Nick Warren
2006,37,
2006,37,DJ Skazi
2006,38,
2006,38,Steve Lawler
2006,39,
2006,39,D-Formation
2006,40,
2006,40,Ricky Stone
2006,41,
2006,41,Astrix
2006,42,
2006,42,Roger Sanchez
2006,43,
2006,43,Bad Boy Bill
2006,44,
2006,44,Sven Väth
2006,45,
2006,45,The Thrillseekers
2006,46,
2006,46,Donald Glaude
2006,47,
2006,47,DJ Vibe
2006,48,
2006,48,Kyau & Albert
2006,49,
2006,49,Chris Liebing
2006,50,
2006,50,Tiga
2006,51,
2006,51,Matt Darey
2006,52,
2006,52,Bob Sinclair
2006,53,
2006,53,James Holden
2006,54,
2006,54,Lange
2006,55,
2006,55,Wrecked Machines
2006,56,
2006,56,Dion Mavath
2006,57,
2006,57,Pete Tong
2006,58,
2006,58,Danny Tenaglia
2006,59,
2006,59,George Acosta
2006,60,
2006,60,Blank & Jones
2006,61,
2006,61,DJ Sammy
2006,62,
2006,62,Joachim Garraud
2006,63,
2006,63,Timo Maas
2006,64,
2006,64,Matt Hardwick
2006,65,
2006,65,Frank T.R.A.X
2006,66,
2006,66,Steve Angello
2006,67,
2006,67,Danny Howells
2006,68,
2006,68,Simon Posford
2006,69,
2006,69,John Graham
2006,70,
2006,70,Desyn Masiello
2006,71,
2006,71,Mauro Picotto
2006,72,
2006,72,Menno De Jong
2006,73,
2006,73,BT
2006,74,
2006,74,Scott K
2006,75,
2006,75,Tall Paul
2006,76,
2006,76,M.I.K.E
2006,77,
2006,77,Filo & Peri
2006,78,
2006,78,DJ Tarkan
2006,79,
2006,79,Anderson Noise
2006,80,
2006,80,Fatboy Slim
2006,81,
2006,81,Serge Devant
2006,82,
2006,82,Umek
2006,83,
2006,83,Victor Calderone
2006,84,
2006,84,Darude
2006,85,
2006,85,Fergie
2006,86,
2006,86,Tallah 2XLC
2006,87,
2006,87,Ronski Speed
2006,88,
2006,88,Lee Burridge
2006,89,
2006,89,Mario Piu
2006,90,
2006,90,Axel Karakasis
2006,91,
2006,91,Steve Porter
2006,92,
2006,92,Yoji Biomehanika
2006,93,
2006,93,Axwell
2006,94,
2006,94,Stanton Warriors
2006,95,
2006,95,Dave Seaman
2006,96,
2006,96,Robbie Rivera
2006,97,
2006,97,Andy C
2006,98,
2006,98,Agnelli & Nelson
2006,99,
2006,99,Lisa Lashes
2006,100,
2006,100,Dave Clarke
2007,1,
2007,1,Armin Van Buuren
2007,2,
2007,2,Tiësto
2007,3,
2007,3,John Digweed
2007,4,
2007,4,Paul van Dyk
2007,5,
2007,5,Sasha
2007,6,
2007,6,Above & Beyond
2007,7,
2007,7,Carl Cox
2007,8,
2007,8,Ferry Corsten
2007,9,
2007,9,Infected Mushroom
2007,10,
2007,10,David Guetta
2007,11,
2007,11,Deep Dish
2007,12,
2007,12,Paul Oakenfold
2007,13,
2007,13,Markus Schulz
2007,14,
2007,14,Hernan Cattaneo
2007,15,
2007,15,Sander Van Doorn
2007,16,
2007,16,Eddie Halliwell
2007,17,
2007,17,James Zabiela
2007,18,
2007,18,Astrix
2007,19,
2007,19,Richie Hawtin
2007,20,
2007,20,Marco V
2007,21,
2007,21,Judge Jules
2007,22,
2007,22,Fedde Le Grand
2007,23,
2007,23,Gabriel & Dresden
2007,24,
2007,24,Erick Morillo
2007,25,
2007,25,Roger Sanchez
2007,26,
2007,26,ATB
2007,27,
2007,27,Sven Väth
2007,28,
2007,28,Yahel
2007,29,
2007,29,Umek
2007,30,
2007,30,Andy Moor
2007,31,
2007,31,Gareth Emery
2007,32,
2007,32,Benny Benassi
2007,33,
2007,33,Axwell
2007,34,
2007,34,Mauro Picotto
2007,35,
2007,35,Sander Kleinenberg
2007,36,
2007,36,Eric Prydz
2007,37,
2007,37,Blank & Jones
2007,38,
2007,38,Bad Boy Bill
2007,39,
2007,39,Pete Tong
2007,40,
2007,40,DJ Vibe
2007,41,
2007,41,Tiga
2007,42,
2007,42,Steve Lawler
2007,43,
2007,43,Danny Tenaglia
2007,44,
2007,44,Ronski Speed
2007,45,
2007,45,Nic Fanciulli
2007,46,
2007,46,Steve Angello
2007,47,
2007,47,Nick Warren
2007,48,
2007,48,Matt Hardwick
2007,49,
2007,49,Ricardo Villalobos
2007,50,
2007,50,James Holden
2007,51,
2007,51,Mark Knight
2007,53,
2007,53,Marco Bailey
2007,54,
2007,54,Anderson Noise
2007,55,
2007,55,Lange
2007,56,
2007,56,Offer Nissim
2007,57,
2007,57,Kyau & Albert
2007,58,
2007,58,Justice
2007,60,
2007,60,Timo Maas
2007,61,
2007,61,Danny Howells
2007,62,
2007,62,Menno De Jong
2007,63,
2007,63,Bob Sinclair
2007,64,
2007,64,John Acquaviva
2007,65,
2007,65,Agnelli & Nelson
2007,66,
2007,66,Fatboy Slim
2007,67,
2007,67,Andy C
2007,68,
2007,68,Ricky Stone
2007,69,
2007,69,Donald Glaude
2007,70,
2007,70,Desyn Masiello
2007,71,
2007,71,Daft Punk
2007,72,
2007,72,Martin Solveig
2007,73,
2007,73,BT
2007,74,
2007,74,Chris Liebing
2007,75,
2007,75,Valentino Kanzyani
2007,76,
2007,76,Trentemøller
2007,77,
2007,77,Jeff Mills
2007,78,
2007,78,John Graham
2007,79,
2007,79,Robbie Rivera
2007,80,
2007,80,The Chemical Brothers
2007,81,
2007,81,Luciano
2007,82,
2007,82,Hype
2007,83,
2007,83,Lisa Lashes
2007,84,
2007,84,Filo & Peri
2007,85,
2007,85,Lee Burridge
2007,86,
2007,86,Armand Van Helden
2007,87,
2007,87,Magda
2007,88,
2007,88,Dave Seaman
2007,89,
2007,89,Victor Calderone
2007,90,
2007,90,Dave Clarke
2007,91,
2007,91,Richard Durand
2007,92,
2007,92,Westbam
2007,93,
2007,93,Sébastien Léger
2007,94,
2007,94,Chus & Ceballos
2007,95,
2007,95,Wally Lopez
2007,97,
2007,97,Adam Beyer
2007,99,
2007,99,Erol Alkan
2007,100,
2007,100,Laurent Garnier
2008,1,
2008,1,Armin Van Buuren
2008,2,
2008,2,Tiësto
2008,3,
2008,3,Paul van Dyk
2008,4,
2008,4,Above & Beyond
2008,5,
2008,5,David Guetta
2008,6,
2008,6,Ferry Corsten
2008,7,
2008,7,Sasha
2008,8,
2008,8,Markus Schulz
2008,9,
2008,9,John Digweed
2008,10,
2008,10,Infected Mushroom
2008,11,
2008,11,Deadmau5
2008,12,
2008,12,Carl Cox
2008,13,
2008,13,Sander Van Doorn
2008,14,
2008,14,Paul Oakenfold
2008,15,
2008,15,Richie Hawtin
2008,16,
2008,16,Hernan Cattaneo
2008,17,
2008,17,James Zabiela
2008,18,
2008,18,Andy Moor
2008,19,
2008,19,Eddie Halliwell
2008,20,
2008,20,Axwell
2008,21,
2008,21,Eric Prydz
2008,22,
2008,22,Kyau & Albert
2008,23,
2008,23,Gareth Emery
2008,24,
2008,24,Sven Väth
2008,25,
2008,25,ATB
2008,26,
2008,26,Anderson Noise
2008,27,
2008,27,Joachim Garraud
2008,28,
2008,28,Bobina
2008,29,
2008,29,Fedde Le Grand
2008,30,
2008,30,Dubfire
2008,31,
2008,31,Aly & Fila
2008,32,
2008,32,Judge Jules
2008,33,
2008,33,Umek
2008,34,
2008,34,Matt Darey
2008,35,
2008,35,Ricky Stone
2008,36,
2008,36,Ricardo Villalobos
2008,37,
2008,37,Lange
2008,38,
2008,38,Daft Punk
2008,39,
2008,39,Benny Benassi
2008,40,
2008,40,Bob Sinclair
2008,41,
2008,41,Deep Dish
2008,42,
2008,42,Mark Knight
2008,43,
2008,43,Astrix
2008,44,
2008,44,Marco V
2008,45,
2008,45,The Thrillseekers
2008,46,
2008,46,Laidback Luke
2008,47,
2008,47,Danny Tenaglia
2008,48,
2008,48,Menno De Jong
2008,49,
2008,49,Marco Lenzi
2008,50,
2008,50,Andy C
2008,51,
2008,51,Offer Nissim
2008,52,
2008,52,Martin Solveig
2008,53,
2008,53,Adam Sheridan
2008,54,
2008,54,Sean Tyas
2008,55,
2008,55,DJ Feel
2008,56,
2008,56,Yahel
2008,57,
2008,57,Roger Sanchez
2008,58,
2008,58,DJ Shah
2008,59,
2008,59,Sander Kleinenberg
2008,60,
2008,60,John O'Callaghan
2008,61,
2008,61,Blank & Jones
2008,62,
2008,62,Cosmic Gate
2008,63,
2008,63,Steve Angello
2008,64,
2008,64,Simon Patterson
2008,65,
2008,65,Gabriel & Dresden
2008,66,
2008,66,Richard Durand
2008,67,
2008,67,Laurent Wolf
2008,68,
2008,68,Matt Hardwick
2008,69,
2008,69,Chris Liebing
2008,70,
2008,70,Erick Morillo
2008,71,
2008,71,DJ Hype
2008,72,
2008,72,Signum
2008,73,
2008,73,Justice
2008,74,
2008,74,Dirty South
2008,75,
2008,75,Wally Lopez
2008,76,
2008,76,Magda
2008,77,
2008,77,Lisa Lashes
2008,78,
2008,78,Pete Tong
2008,79,
2008,79,DJ Vibe
2008,80,
2008,80,Bad Boy Bill
2008,81,
2008,81,Tiddey
2008,82,
2008,82,Greg Downey
2008,83,
2008,83,Marcel Woods
2008,84,
2008,84,Nick Warren
2008,85,
2008,85,Solar System
2008,86,
2008,86,Skazi
2008,87,
2008,87,Mike Koglin
2008,88,
2008,88,Mauro Picotto
2008,89,
2008,89,Sébastien Léger
2008,90,
2008,90,The Chemical Brothers
2008,91,
2008,91,Steve Lawler
2008,92,
2008,92,Fatboy Slim
2008,93,
2008,93,Solarstone
2008,94,
2008,94,Astral Projection
2008,95,
2008,95,Leon Bolier
2008,96,
2008,96,Nic Fanciulli
2008,97,
2008,97,Ronski Speed
2008,98,
2008,98,Tocadisco
2008,99,
2008,99,Booka Shade
2008,100,
2008,100,Alex Morph & Woody Van Eyden
2009,1,
2009,1,Armin Van Buuren
2009,2,
2009,2,Tiësto
2009,3,
2009,3,David Guetta
2009,4,
2009,4,Above & Beyond
2009,5,
2009,5,Paul van Dyk
2009,6,
2009,6,Deadmau5
2009,7,
2009,7,Ferry Corsten
2009,8,
2009,8,Markus Schulz
2009,9,
2009,9,Gareth Emery
2009,10,
2009,10,Sander Van Doorn
2009,11,
2009,11,ATB
2009,12,
2009,12,Infected Mushroom
2009,13,
2009,13,Sasha
2009,14,
2009,14,Axwell
2009,15,
2009,15,Andy Moor
2009,16,
2009,16,Bobina
2009,17,
2009,17,John Digweed
2009,18,
2009,18,Carl Cox
2009,19,
2009,19,Cosmic Gate
2009,20,
2009,20,Steve Angello
2009,21,
2009,21,Roger Shah
2009,22,
2009,22,Aly & Fila
2009,23,
2009,23,Paul Oakenfold
2009,24,
2009,24,John O'Callaghan
2009,25,
2009,25,Sebastian Ingrosso
2009,26,
2009,26,Benny Benassi
2009,27,
2009,27,Laidback Luke
2009,28,
2009,28,Richie Hawtin
2009,29,
2009,29,Fedde Le Grand
2009,30,
2009,30,DJ Feel
2009,31,
2009,31,Lange
2009,32,
2009,32,Hernan Cattaneo
2009,33,
2009,33,Daft Punk
2009,34,
2009,34,Eric Prydz
2009,35,
2009,35,Bob Sinclair
2009,36,
2009,36,Joachim Garraud
2009,37,
2009,37,Kyau & Albert
2009,38,
2009,38,James Zabiela
2009,39,
2009,39,Umek
2009,40,
2009,40,Christopher Lawrence
2009,41,
2009,41,Eddie Halliwell
2009,42,
2009,42,Simon Patterson
2009,43,
2009,43,Offer Nissim
2009,44,
2009,44,Judge Jules
2009,45,
2009,45,Sean Tyas
2009,46,
2009,46,Dubfire
2009,47,
2009,47,Martin Solveig
2009,48,
2009,48,Sven Väth
2009,49,
2009,49,Richard Durand
2009,50,
2009,50,Marco V
2009,51,
2009,51,Kaskade
2009,52,
2009,52,tyDi
2009,53,
2009,53,Erick Morillo
2009,54,
2009,54,Matt Darey
2009,55,
2009,55,Astrix
2009,56,
2009,56,Menno De Jong
2009,57,
2009,57,The Thrillseekers
2009,58,
2009,58,Nick Warren
2009,59,
2009,59,Dirty South
2009,60,
2009,60,Roger Sanchez
2009,61,
2009,61,Mark Knight
2009,62,
2009,62,Wally Lopez
2009,63,
2009,63,Leon Bolier
2009,64,
2009,64,Blank & Jones
2009,65,
2009,65,Justice
2009,66,
2009,66,Laurent Wolf
2009,67,
2009,67,Astral Projection
2009,68,
2009,68,Boys Noize
2009,69,
2009,69,Ronski Speed
2009,70,
2009,70,Sander Kleinenberg
2009,71,
2009,71,Ricardo Villalobos
2009,72,
2009,72,Chuckie
2009,73,
2009,73,Sharam
2009,74,
2009,74,Marcel Woods
2009,75,
2009,75,Lisa Lashes
2009,76,
2009,76,Moonbeam
2009,77,
2009,77,Rank 1
2009,78,
2009,78,Sébastien Léger
2009,79,
2009,79,Marcus Schossow
2009,80,
2009,80,Steve Lawler
2009,81,
2009,81,Skazi
2009,82,
2009,82,Super8 & Tab
2009,83,
2009,83,Pete Tong
2009,84,
2009,84,Tocadisco
2009,85,
2009,85,Sied Van Riel
2009,86,
2009,86,Tiga
2009,87,
2009,87,Daniel Kandi
2009,88,
2009,88,Mike Koglin
2009,89,
2009,89,Luciano
2009,90,
2009,90,Yahel
2009,91,
2009,91,Myon & Shane 54
2009,92,
2009,92,John B
2009,93,
2009,93,Simon Posford
2009,94,
2009,94,Fatboy Slim
2009,95,
2009,95,Robbie Rivera
2009,96,
2009,96,Antoine Clamaran
2009,97,
2009,97,Nic Fanciulli
2009,98,
2009,98,Gui Boratto
2009,99,
2009,99,Alex M.O.R.P.H.
2009,100,
2009,100,Andy C
2010,1,
2010,1,Armin Van Buuren
2010,2,
2010,2,David Guetta
2010,3,
2010,3,Tiësto
2010,4,
2010,4,Deadmau5
2010,5,
2010,5,Above & Beyond
2010,6,
2010,6,Paul van Dyk
2010,7,
2010,7,Gareth Emery
2010,8,
2010,8,Markus Schulz
2010,9,
2010,9,Ferry Corsten
2010,10,
2010,10,Axwell
2010,11,
2010,11,ATB
2010,12,
2010,12,Sander Van Doorn
2010,13,
2010,13,Infected Mushroom
2010,14,
2010,14,Steve Angello
2010,15,
2010,15,Dash Berlin
2010,16,
2010,16,Sebastian Ingrosso
2010,17,
2010,17,Laidback Luke
2010,18,
2010,18,Judge Jules
2010,19,
2010,19,Afrojack
2010,20,
2010,20,Aly & Fila
2010,21,
2010,21,Fedde Le Grand
2010,22,
2010,22,Carl Cox
2010,23,
2010,23,Swedish House Mafia
2010,24,
2010,24,Cosmic Gate
2010,25,
2010,25,Bobina
2010,26,
2010,26,Benny Benassi
2010,27,
2010,27,Sasha
2010,28,
2010,28,Simon Patterson
2010,29,
2010,29,John Digweed
2010,30,
2010,30,Eric Prydz
2010,31,
2010,31,Richie Hawtin
2010,32,
2010,32,Andy Moor
2010,33,
2010,33,John O'Callaghan
2010,34,
2010,34,Roger Shah
2010,35,
2010,35,Kaskade
2010,36,
2010,36,Headhunterz
2010,37,
2010,37,Chuckie
2010,38,
2010,38,Bob Sinclair
2010,39,
2010,39,Avicii
2010,40,
2010,40,Kyau & Albert
2010,41,
2010,41,DJ Feel
2010,42,
2010,42,Moonbeam
2010,43,
2010,43,Joachim Garraud
2010,44,
2010,44,Daft Punk
2010,45,
2010,45,Lange
2010,46,
2010,46,Sean Tyas
2010,47,
2010,47,Eddie Halliwell
2010,48,
2010,48,Erick Morillo
2010,49,
2010,49,James Zabiela
2010,50,
2010,50,Umek
2010,51,
2010,51,Paul Oakenfold
2010,52,
2010,52,Matt Darey
2010,53,
2010,53,Mark Knight
2010,54,
2010,54,Richard Durand
2010,55,
2010,55,Martin Solveig
2010,56,
2010,56,tyDi
2010,57,
2010,57,Hernan Cattaneo
2010,58,
2010,58,Sven Väth
2010,59,
2010,59,Astrix
2010,60,
2010,60,Super8 & Tab
2010,61,
2010,61,Andy C
2010,62,
2010,62,Myon & Shane 54
2010,63,
2010,63,Marcel Woods
2010,64,
2010,64,Roger Sanchez
2010,65,
2010,65,Wally Lopez
2010,66,
2010,66,Mat Zo
2010,67,
2010,67,Marco V
2010,68,
2010,68,Leon Bolier
2010,69,
2010,69,Ronski Speed
2010,70,
2010,70,Wolfgang Gartner
2010,71,
2010,71,W&W
2010,72,
2010,72,Boys Noize
2010,73,
2010,73,D-Block & S-te-Fan
2010,74,
2010,74,Dubfire
2010,75,
2010,75,Dirty South
2010,76,
2010,76,John B
2010,77,
2010,77,Daniel Kandi
2010,78,
2010,78,Arty
2010,79,
2010,79,BT
2010,80,
2010,80,Boy George
2010,81,
2010,81,Pete Tha Zouk
2010,82,
2010,82,Fatboy Slim
2010,83,
2010,83,Skazi
2010,84,
2010,84,Paul Kalkbrenner
2010,85,
2010,85,Pete Tong
2010,86,
2010,86,Bloody Beetroots
2010,87,
2010,87,Arnej
2010,88,
2010,88,Joris Voorn
2010,89,
2010,89,Dada Life
2010,90,
2010,90,Noisecontrollers
2010,91,
2010,91,Showtek
2010,92,
2010,92,Laurent Wolf
2010,93,
2010,93,Claudia Cazacu
2010,94,
2010,94,Calvin Harris
2010,95,
2010,95,Luciano
2010,96,
2010,96,Marcus Schossow
2010,97,
2010,97,Sied Van Riel
2010,98,
2010,98,The Thrillseekers
2010,99,
2010,99,Justice
2010,100,
2010,100,DJ Vibe
2011,1,
2011,1,David Guetta
2011,2,
2011,2,Armin Van Buuren
2011,3,
2011,3,Tiësto
2011,4,
2011,4,Deadmau5
2011,5,
2011,5,Above & Beyond
2011,6,
2011,6,Avicii
2011,7,
2011,7,Afrojack
2011,8,
2011,8,Dash Berlin
2011,9,
2011,9,Markus Schulz
2011,10,
2011,10,Swedish House Mafia
2011,11,
2011,11,Paul van Dyk
2011,12,
2011,12,Axwell
2011,13,
2011,13,Gareth Emery
2011,14,
2011,14,Fedde Le Grand
2011,15,
2011,15,ATB
2011,16,
2011,16,Sander Van Doorn
2011,17,
2011,17,Headhunterz
2011,18,
2011,18,Ferry Corsten
2011,19,
2011,19,Skrillex
2011,20,
2011,20,Laidback Luke
2011,21,
2011,21,Infected Mushroom
2011,22,
2011,22,Aly & Fila
2011,23,
2011,23,Steve Angello
2011,24,
2011,24,Hardwell
2011,25,
2011,25,Arty
2011,26,
2011,26,Sebastian Ingrosso
2011,27,
2011,27,Benny Benassi
2011,28,
2011,28,Daft Punk
2011,29,
2011,29,Martin Solveig
2011,30,
2011,30,Kaskade
2011,31,
2011,31,Carl Cox
2011,32,
2011,32,Chuckie
2011,33,
2011,33,Bob Sinclair
2011,34,
2011,34,Calvin Harris
2011,35,
2011,35,Noisecontrollers
2011,36,
2011,36,W&W
2011,37,
2011,37,Pete Tha Zouk
2011,38,
2011,38,Dada Life
2011,39,
2011,39,Angerfist
2011,40,
2011,40,D-Block & S-te-Fan
2011,41,
2011,41,Coone
2011,42,
2011,42,Steve Aoki
2011,43,
2011,43,Cosmic Gate
2011,44,
2011,44,Bobina
2011,45,
2011,45,Richie Hawtin
2011,46,
2011,46,Eric Prydz
2011,47,
2011,47,Zatox
2011,48,
2011,48,tyDi
2011,49,
2011,49,Orjan Nilsen
2011,50,
2011,50,Andy Moor
2011,51,
2011,51,Roger Shah
2011,52,
2011,52,John O'Callaghan
2011,53,
2011,53,Astrix
2011,54,
2011,54,Erick Morillo
2011,55,
2011,55,John Digweed
2011,56,
2011,56,Wolfgang Gartner
2011,57,
2011,57,DJ Feel
2011,58,
2011,58,Showtek
2011,59,
2011,59,Richard Durand
2011,60,
2011,60,Umek
2011,61,
2011,61,Skazi
2011,62,
2011,62,Paul Kalkbrenner
2011,63,
2011,63,Sasha
2011,64,
2011,64,Eddie Halliwell
2011,65,
2011,65,Moonbeam
2011,66,
2011,66,Myon & Shane 54
2011,67,
2011,67,Judge Jules
2011,68,
2011,68,Matt Darey
2011,69,
2011,69,Paul Oakenfold
2011,70,
2011,70,Alesso
2011,71,
2011,71,Mark Knight
2011,72,
2011,72,Sean Tyas
2011,73,
2011,73,Mat Zo
2011,74,
2011,74,Lange
2011,75,
2011,75,Joachim Garraud
2011,76,
2011,76,Simon Patterson
2011,77,
2011,77,Francis Davila
2011,78,
2011,78,Psyko Punkz
2011,79,
2011,79,Dimitri Vegas & Like Mike
2011,80,
2011,80,Wildstylez
2011,81,
2011,81,Roger Sanchez
2011,82,
2011,82,Hernan Cattaneo
2011,83,
2011,83,Tritonal
2011,84,
2011,84,DJ Vibe
2011,85,
2011,85,AN21
2011,86,
2011,86,Bloody Beetroots
2011,87,
2011,87,Felguk
2011,88,
2011,88,Nero
2011,89,
2011,89,Juanjo Martin
2011,90,
2011,90,Boy George
2011,91,
2011,91,Tenishia
2011,92,
2011,92,Sidney Samson
2011,93,
2011,93,Dirty South
2011,94,
2011,94,James Zabiela
2011,95,
2011,95,Marcel Woods
2011,96,
2011,96,Porter Robinson
2011,97,
2011,97,Sven Väth
2011,98,
2011,98,Brennan Heart
2011,99,
2011,99,Leon Bolier
2011,100,
2011,100,Boys Noize
2012,1,
2012,1,Armin Van Buuren
2012,2,
2012,2,Tiësto
2012,3,
2012,3,Avicii
2012,4,
2012,4,David Guetta
2012,5,
2012,5,Deadmau5
2012,6,
2012,6,Hardwell
2012,7,
2012,7,Dash Berlin
2012,8,
2012,8,Above & Beyond
2012,9,
2012,9,Afrojack
2012,10,
2012,10,Skrillex
2012,11,
2012,11,Headhunterz
2012,12,
2012,12,Swedish House Mafia
2012,13,
2012,13,Markus Schulz
2012,14,
2012,14,Gareth Emery
2012,15,
2012,15,Steve Aoki
2012,16,
2012,16,Paul van Dyk
2012,17,
2012,17,Nicky Romero
2012,18,
2012,18,Sander Van Doorn
2012,19,
2012,19,Aly & Fila
2012,20,
2012,20,Alesso
2012,21,
2012,21,ATB
2012,22,
2012,22,Ferry Corsten
2012,23,
2012,23,Axwell
2012,24,
2012,24,Dada Life
2012,25,
2012,25,W&W
2012,26,
2012,26,Fedde Le Grand
2012,27,
2012,27,Noisecontrollers
2012,28,
2012,28,Arty
2012,29,
2012,29,Laidback Luke
2012,30,
2012,30,Kaskade
2012,31,
2012,31,Calvin Harris
2012,32,
2012,32,Orjan Nilsen
2012,33,
2012,33,Knife Party
2012,34,
2012,34,Sebastian Ingrosso
2012,35,
2012,35,Chuckie
2012,36,
2012,36,Zatox
2012,37,
2012,37,Coone
2012,38,
2012,38,Dimitri Vegas & Like Mike
2012,39,
2012,39,Cosmic Gate
2012,40,
2012,40,Porter Robinson
2012,41,
2012,41,Wildstylez
2012,42,
2012,42,Angerfist
2012,43,
2012,43,Infected Mushroom
2012,44,
2012,44,Daft Punk
2012,45,
2012,45,Carl Cox
2012,46,
2012,46,Nervo
2012,47,
2012,47,Pete Tha Zouk
2012,48,
2012,48,Martin Solveig
2012,49,
2012,49,Brennan Heart
2012,50,
2012,50,Tenishia
2012,51,
2012,51,Zedd
2012,52,
2012,52,Eric Prydz
2012,53,
2012,53,Bobina
2012,54,
2012,54,Madeon
2012,55,
2012,55,John O'Callaghan
2012,56,
2012,56,DJ Feel
2012,57,
2012,57,Steve Angello
2012,58,
2012,58,Omnia
2012,59,
2012,59,Umek
2012,60,
2012,60,Wolfgang Gartner
2012,61,
2012,61,AN21
2012,62,
2012,62,Tommy Trash
2012,63,
2012,63,Francis Davila
2012,64,
2012,64,D-Block & S-te-Fan
2012,65,
2012,65,Tritonal
2012,66,
2012,66,Bingo Players
2012,67,
2012,67,Psyko Punkz
2012,68,
2012,68,Shogun
2012,69,
2012,69,Paul Oakenfold
2012,70,
2012,70,Benny Benassi
2012,71,
2012,71,tyDi
2012,72,
2012,72,Mat Zo
2012,73,
2012,73,R3hab
2012,74,
2012,74,MOSIMANN
2012,75,
2012,75,Wasted Penguinz
2012,76,
2012,76,Dirty South
2012,77,
2012,77,Andrew Rayel
2012,78,
2012,78,Richie Hawtin
2012,79,
2012,79,Frontliner
2012,80,
2012,80,Myon & Shane 54
2012,81,
2012,81,Heatbeat
2012,82,
2012,82,Thomas Gold
2012,83,
2012,83,Nero
2012,84,
2012,84,Roger Shah
2012,85,
2012,85,Feed Me
2012,86,
2012,86,Mike Candys
2012,87,
2012,87,Andy Moor
2012,88,
2012,88,Ran-D
2012,89,
2012,89,Richard Durand
2012,90,
2012,90,Felguk
2012,91,
2012,91,Paul Kalkbrenner
2012,92,
2012,92,Moonbeam
2012,93,
2012,93,Sean Tyas
2012,94,
2012,94,Bob Sinclair
2012,95,
2012,95,Netsky
2012,96,
2012,96,Neelix
2012,97,
2012,97,Mark Knight
2012,98,
2012,98,John Digweed
2012,99,
2012,99,Da Tweekaz
2012,100,
2012,100,Project 46
2013,1,
2013,1,Hardwell
2013,2,
2013,2,Armin Van Buuren
2013,3,
2013,3,Avicii
2013,4,
2013,4,Tiësto
2013,5,
2013,5,David Guetta
2013,6,
2013,6,Dimitri Vegas & Like Mike
2013,7,
2013,7,Nicky Romero
2013,8,
2013,8,Steve Aoki
2013,9,
2013,9,Afrojack
2013,10,
2013,10,Dash Berlin
2013,11,
2013,11,Skrillex
2013,12,
2013,12,Deadmau5
2013,13,
2013,13,Alesso
2013,14,
2013,14,W&W
2013,15,
2013,15,Calvin Harris
2013,16,
2013,16,Nervo
2013,17,
2013,17,Above & Beyond
2013,18,
2013,18,Sebastian Ingrosso
2013,19,
2013,19,Axwell
2013,20,
2013,20,Aly & Fila
2013,21,
2013,21,Markus Schulz
2013,22,
2013,22,Daft Punk
2013,23,
2013,23,Headhunterz
2013,24,
2013,24,Zedd
2013,25,
2013,25,Knife Party
2013,26,
2013,26,Swedish House Mafia
2013,27,
2013,27,Showtek
2013,28,
2013,28,Andrew Rayel
2013,29,
2013,29,Fedde Le Grand
2013,30,
2013,30,Dyro
2013,31,
2013,31,Laidback Luke
2013,32,
2013,32,Paul van Dyk
2013,33,
2013,33,ATB
2013,34,
2013,34,Angerfist
2013,35,
2013,35,Dada Life
2013,36,
2013,36,Kaskade
2013,37,
2013,37,Frontliner
2013,38,
2013,38,Steve Angello
2013,39,
2013,39,Sander Van Doorn
2013,40,
2013,40,Martin Garrix
2013,41,
2013,41,Porter Robinson
2013,42,
2013,42,Ferry Corsten
2013,43,
2013,43,Chuckie
2013,44,
2013,44,Krewella
2013,45,
2013,45,Coone
2013,46,
2013,46,Carl Cox
2013,47,
2013,47,Bobina
2013,48,
2013,48,Omnia
2013,49,
2013,49,Orjan Nilsen
2013,50,
2013,50,Zatox
2013,51,
2013,51,Gareth Emery
2013,52,
2013,52,Bingo Players
2013,53,
2013,53,Infected Mushroom
2013,54,
2013,54,Eric Prydz
2013,55,
2013,55,Tommy Trash
2013,56,
2013,56,Wildstylez
2013,57,
2013,57,Arty
2013,58,
2013,58,R3hab
2013,59,
2013,59,Madeon
2013,60,
2013,60,Vicetone
2013,61,
2013,61,Brennan Heart
2013,62,
2013,62,DJ Feel
2013,63,
2013,63,Gunz For Hire
2013,64,
2013,64,Diplo
2013,65,
2013,65,Tenishia
2013,66,
2013,66,Noisecontrollers
2013,67,
2013,67,Mike Candys
2013,68,
2013,68,Antoine
2013,69,
2013,69,MOSIMANN
2013,70,
2013,70,Project 46
2013,71,
2013,71,Blasterjaxx
2013,72,
2013,72,D-Block & S-te-Fan
2013,73,
2013,73,Dillon Francis
2013,74,
2013,74,Dannic
2013,75,
2013,75,Adaro
2013,76,
2013,76,Richie Hawtin
2013,77,
2013,77,Martin Solveig
2013,78,
2013,78,Felguk
2013,79,
2013,79,Myon & Shane 54
2013,80,
2013,80,Cosmic Gate
2013,81,
2013,81,Heatbeat
2013,82,
2013,82,John O'Callaghan
2013,83,
2013,83,Wasted Penguinz
2013,84,
2013,84,Tiddey
2013,85,
2013,85,Skazi
2013,86,
2013,86,Da Tweekaz
2013,87,
2013,87,Tenashar
2013,88,
2013,88,Bob Sinclair
2013,89,
2013,89,Benny Benassi
2013,90,
2013,90,Stafford Brothers
2013,91,
2013,91,Bl3nd
2013,92,
2013,92,Paul Oakenfold
2013,93,
2013,93,Mat Zo
2013,94,
2013,94,Diego Miranda
2013,95,
2013,95,DJs From Mars
2013,96,
2013,96,Matt Darey
2013,97,
2013,97,Umek
2013,98,
2013,98,Solarstone
2013,99,
2013,99,Ummet Ozcan
2013,100,
2013,100,Ran-D
2014,1,
2014,1,Hardwell
2014,2,
2014,2,Dimitri Vegas & Like Mike
2014,3,
2014,3,Armin Van Buuren
2014,4,
2014,4,Martin Garrix
2014,5,
2014,5,Tiësto
2014,6,
2014,6,Avicii
2014,7,
2014,7,David Guetta
2014,8,
2014,8,Nicky Romero
2014,9,
2014,9,Skrillex
2014,10,
2014,10,Steve Aoki
2014,11,
2014,11,Calvin Harris
2014,12,
2014,12,Afrojack
2014,13,
2014,13,Blasterjaxx
2014,14,
2014,14,Dash Berlin
2014,15,
2014,15,Alesso
2014,16,
2014,16,Deadmau5
2014,17,
2014,17,Showtek
2014,18,
2014,18,W&W
2014,19,
2014,19,Deorro
2014,20,
2014,20,DVBBS
2014,21,
2014,21,Nervo
2014,22,
2014,22,Zedd
2014,23,
2014,23,R3hab
2014,24,
2014,24,Andrew Rayel
2014,25,
2014,25,Above & Beyond
2014,26,
2014,26,Steve Angello
2014,27,
2014,27,Dyro
2014,28,
2014,28,Aly & Fila
2014,29,
2014,29,Axwell
2014,30,
2014,30,Dannic
2014,31,
2014,31,Ummet Ozcan
2014,32,
2014,32,Diplo
2014,33,
2014,33,Krewella
2014,34,
2014,34,Oliver Heldens
2014,35,
2014,35,Fedde Le Grand
2014,36,
2014,36,Vicetone
2014,37,
2014,37,Angerfist
2014,38,
2014,38,Paul van Dyk
2014,39,
2014,39,Sebastian Ingrosso
2014,40,
2014,40,Headhunterz
2014,41,
2014,41,Borgore
2014,42,
2014,42,Kura
2014,43,
2014,43,Daft Punk
2014,44,
2014,44,Markus Schulz
2014,45,
2014,45,Frontliner
2014,46,
2014,46,Kaskade
2014,47,
2014,47,Brennan Heart
2014,48,
2014,48,Coone
2014,49,
2014,49,Infected Mushroom
2014,50,
2014,50,Laidback Luke
2014,51,
2014,51,Sander Van Doorn
2014,52,
2014,52,Dada Life
2014,53,
2014,53,Knife Party
2014,54,
2014,54,Dillon Francis
2014,55,
2014,55,Yves V
2014,56,
2014,56,Firebeatz
2014,57,
2014,57,Porter Robinson
2014,58,
2014,58,ATB
2014,59,
2014,59,Carl Cox
2014,60,
2014,60,Eric Prydz
2014,61,
2014,61,Gabry Ponte
2014,62,
2014,62,VINAI
2014,63,
2014,63,MAKJ
2014,64,
2014,64,Radical Redemption
2014,65,
2014,65,DJ Snake
2014,66,
2014,66,Da Tweekaz
2014,67,
2014,67,Noisecontrollers
2014,68,
2014,68,Carnage
2014,69,
2014,69,Cosmic Gate
2014,70,
2014,70,Diego Miranda
2014,71,
2014,71,Zatox
2014,72,
2014,72,MOSIMANN
2014,73,
2014,73,Tenishia
2014,74,
2014,74,Gareth Emery
2014,75,
2014,75,Umek
2014,76,
2014,76,Tiddey
2014,77,
2014,77,Zomboy
2014,78,
2014,78,Bl3nd
2014,79,
2014,79,Orjan Nilsen
2014,80,
2014,80,TJR
2014,81,
2014,81,3lau
2014,82,
2014,82,Don Diablo
2014,83,
2014,83,Madeon
2014,84,
2014,84,Wolfpack
2014,85,
2014,85,Mike Candys
2014,86,
2014,86,Quintino
2014,87,
2014,87,Borgeous
2014,88,
2014,88,Audien
2014,89,
2014,89,Boy George
2014,90,
2014,90,Richie Hawtin
2014,91,
2014,91,Ferry Corsten
2014,92,
2014,92,Code Black
2014,93,
2014,93,Heatbeat
2014,94,
2014,94,Merk & Kremont
2014,95,
2014,95,Wildstylez
2014,96,
2014,96,Bingo Players
2014,97,
2014,97,The Chainsmokers
2014,98,
2014,98,John O'Callaghan
2014,99,
2014,99,Arty
2014,100,
2014,100,Felguk
2015,1,
2015,1,Dimitri Vegas & Like Mike
2015,2,
2015,2,Hardwell
2015,3,
2015,3,Martin Garrix
2015,4,
2015,4,Armin Van Buuren
2015,5,
2015,5,Tiësto
2015,6,
2015,6,David Guetta
2015,7,
2015,7,Avicii
2015,8,
2015,8,Afrojack
2015,9,
2015,9,Skrillex
2015,10,
2015,10,Steve Aoki
2015,11,
2015,11,Calvin Harris
2015,12,
2015,12,Oliver Heldens
2015,13,
2015,13,Alesso
2015,14,
2015,14,W&W
2015,15,
2015,15,Dash Berlin
2015,16,
2015,16,DVBBS
2015,17,
2015,17,Axwell & Ingrosso
2015,18,
2015,18,Nicky Romero
2015,19,
2015,19,Blasterjaxx
2015,20,
2015,20,Diplo
2015,21,
2015,21,R3hab
2015,22,
2015,22,Zedd
2015,23,
2015,23,KSHMR
2015,24,
2015,24,Nervo
2015,25,
2015,25,Deadmau5
2015,26,
2015,26,Dannic
2015,27,
2015,27,Dyro
2015,28,
2015,28,Deorro
2015,29,
2015,29,Above & Beyond
2015,30,
2015,30,Don Diablo
2015,31,
2015,31,Steve Angello
2015,32,
2015,32,DJ Snake
2015,33,
2015,33,Kygo
2015,34,
2015,34,Yves V
2015,35,
2015,35,Fedde Le Grand
2015,36,
2015,36,Ummet Ozcan
2015,37,
2015,37,Showtek
2015,38,
2015,38,Angerfist
2015,39,
2015,39,Bassjackers
2015,40,
2015,40,Andrew Rayel
2015,41,
2015,41,Paul van Dyk
2015,42,
2015,42,Aly & Fila
2015,43,
2015,43,VINAI
2015,44,
2015,44,Alok
2015,45,
2015,45,Jack U
2015,46,
2015,46,Tom Swoon
2015,47,
2015,47,Shogun
2015,48,
2015,48,Headhunterz
2015,49,
2015,49,Coone
2015,50,
2015,50,Vicetone
2015,51,
2015,51,Richie Hawtin
2015,52,
2015,52,Wolfpack
2015,53,
2015,53,Brennan Heart
2015,54,
2015,54,Major Lazer
2015,55,
2015,55,Porter Robinson
2015,56,
2015,56,Markus Schulz
2015,57,
2015,57,Eric Prydz
2015,58,
2015,58,Diego Miranda
2015,59,
2015,59,DJ Chetas
2015,60,
2015,60,Danny Avila
2015,61,
2015,61,Kura
2015,62,
2015,62,tchami
2015,63,
2015,63,Carl Cox
2015,64,
2015,64,Laidback Luke
2015,65,
2015,65,Disclosure
2015,66,
2015,66,Firebeatz
2015,67,
2015,67,Dillon Francis
2015,68,
2015,68,Borgore
2015,69,
2015,69,Daft Punk
2015,70,
2015,70,Umek
2015,71,
2015,71,Tenishia
2015,72,
2015,72,Radical Redemption
2015,73,
2015,73,Frontliner
2015,74,
2015,74,Borgeous
2015,75,
2015,75,Netsky
2015,76,
2015,76,Yellow Claw
2015,77,
2015,77,Chuckie
2015,78,
2015,78,Will Sparks
2015,79,
2015,79,Da Tweekaz
2015,80,
2015,80,Quintino
2015,81,
2015,81,Krewella
2015,82,
2015,82,ATB
2015,83,
2015,83,MAKJ
2015,84,
2015,84,Kaskade
2015,85,
2015,85,Ferry Corsten
2015,86,
2015,86,Flux Pavilion
2015,87,
2015,87,Zatox
2015,88,
2015,88,Carnage
2015,89,
2015,89,Robin Schulz
2015,90,
2015,90,Sander Van Doorn
2015,91,
2015,91,MaRLo
2015,92,
2015,92,Andy C
2015,93,
2015,93,MOSIMANN
2015,94,
2015,94,Miss K8
2015,95,
2015,95,Tujamo
2015,96,
2015,96,Mike Candys
2015,97,
2015,97,Swanky Tunes
2015,98,
2015,98,Galantis
2015,99,
2015,99,Cosmic Gate
2015,100,
2015,100,Knife Party
2016,1,
2016,1,Martin Garrix
2016,2,
2016,2,Dimitri Vegas & Like Mike
2016,3,
2016,3,Hardwell
2016,4,
2016,4,Armin Van Buuren
2016,5,
2016,5,Tiësto
2016,6,
2016,6,David Guetta
2016,7,
2016,7,Steve Aoki
2016,8,
2016,8,Oliver Heldens
2016,9,
2016,9,Skrillex
2016,10,
2016,10,Afrojack
2016,11,
2016,11,Avicii
2016,12,
2016,12,KSHMR
2016,13,
2016,13,W&W
2016,14,
2016,14,Calvin Harris
2016,15,
2016,15,Don Diablo
2016,16,
2016,16,Axwell & Ingrosso
2016,17,
2016,17,Dash Berlin
2016,18,
2016,18,The Chainsmokers
2016,19,
2016,19,Ummet Ozcan
2016,20,
2016,20,Alesso
2016,21,
2016,21,R3hab
2016,22,
2016,22,DJ Snake
2016,23,
2016,23,Diplo
2016,24,
2016,24,DVBBS
2016,25,
2016,25,Alok
2016,26,
2016,26,Kygo
2016,27,
2016,27,Swanky Tunes
2016,28,
2016,28,Marshmello
2016,29,
2016,29,Nicky Romero
2016,30,
2016,30,Steve Angello
2016,31,
2016,31,Deadmau5
2016,32,
2016,32,Quintino
2016,33,
2016,33,DJ Chetas
2016,34,
2016,34,Bassjackers
2016,35,
2016,35,Zedd
2016,36,
2016,36,Headhunterz
2016,37,
2016,37,VINAI
2016,38,
2016,38,Florian Picasso
2016,39,
2016,39,Galantis
2016,40,
2016,40,Jack U
2016,41,
2016,41,Aly & Fila
2016,42,
2016,42,Shogun
2016,43,
2016,43,Blasterjaxx
2016,44,
2016,44,Major Lazer
2016,45,
2016,45,Nervo
2016,46,
2016,46,Angerfist
2016,47,
2016,47,Above & Beyond
2016,48,
2016,48,Yellow Claw
2016,49,
2016,49,MaRLo
2016,50,
2016,50,Fedde Le Grand
2016,51,
2016,51,Kura
2016,52,
2016,52,Lost Stories
2016,53,
2016,53,Deorro
2016,54,
2016,54,Vintage Culture
2016,55,
2016,55,Alan Walker
2016,56,
2016,56,Tom Swoon
2016,57,
2016,57,Coone
2016,58,
2016,58,Diego Miranda
2016,59,
2016,59,Brennan Heart
2016,60,
2016,60,Paul van Dyk
2016,61,
2016,61,ATB
2016,62,
2016,62,Yves V
2016,63,
2016,63,Wolfpack
2016,64,
2016,64,Dillon Francis
2016,65,
2016,65,Andrew Rayel
2016,66,
2016,66,Eric Prydz
2016,67,
2016,67,Felguk
2016,68,
2016,68,Radical Redemption
2016,69,
2016,69,Robin Schulz
2016,70,
2016,70,Dannic
2016,71,
2016,71,Da Tweekaz
2016,72,
2016,72,Daft Punk
2016,73,
2016,73,Will Sparks
2016,74,
2016,74,Carl Cox
2016,75,
2016,75,Timmy Trumpet
2016,76,
2016,76,Borgore
2016,77,
2016,77,Firebeatz
2016,78,
2016,78,Tujamo
2016,79,
2016,79,Laidback Luke
2016,80,
2016,80,Markus Schulz
2016,81,
2016,81,Vicetone
2016,82,
2016,82,Martin Jensen
2016,83,
2016,83,Jauz
2016,84,
2016,84,Carnage
2016,85,
2016,85,Netsky
2016,86,
2016,86,Carl Nunes
2016,87,
2016,87,Sam Feldt
2016,88,
2016,88,Miss K8
2016,89,
2016,89,Jay Hardway
2016,90,
2016,90,Porter Robinson
2016,91,
2016,91,Bobina
2016,92,
2016,92,Zatox
2016,93,
2016,93,Dyro
2016,94,
2016,94,Flume
2016,95,
2016,95,Infected Mushroom
2016,96,
2016,96,Showtek
2016,97,
2016,97,Daddy's Groove
2016,98,
2016,98,Martin Solveig
2016,99,
2016,99,Ferry Corsten
2016,100,
2016,100,DJ Feel
2017,1,
2017,1,Martin Garrix
2017,2,
2017,2,Dimitri Vegas & Like Mike
2017,3,
2017,3,Armin Van Buuren
2017,4,
2017,4,Hardwell
2017,5,
2017,5,Tiësto
2017,6,
2017,6,The Chainsmokers
2017,7,
2017,7,David Guetta
2017,8,
2017,8,Afrojack
2017,9,
2017,9,Steve Aoki
2017,10,
2017,10,Marshmello
2017,11,
2017,11,Don Diablo
2017,12,
2017,12,KSHMR
2017,13,
2017,13,Oliver Heldens
2017,14,
2017,14,W&W
2017,15,
2017,15,Calvin Harris
2017,16,
2017,16,Skrillex
2017,17,
2017,17,Alan Walker
2017,18,
2017,18,R3hab
2017,19,
2017,19,Alok
2017,20,
2017,20,Dash Berlin
2017,21,
2017,21,Axwell /\ Ingrosso
2017,22,
2017,22,DVBBS
2017,23,
2017,23,DJ Snake
2017,24,
2017,24,Kygo
2017,25,
2017,25,Diplo
2017,26,
2017,26,Lost Frequencies
2017,27,
2017,27,Above & Beyond
2017,28,
2017,28,Avicii
2017,29,
2017,29,Zedd
2017,30,
2017,30,Quintino
2017,31,
2017,31,Vintage Culture
2017,32,
2017,32,VINAI
2017,33,
2017,33,Headhunterz
2017,34,
2017,34,Eric Prydz
2017,35,
2017,35,Bassjackers
2017,36,
2017,36,Blasterjaxx
2017,37,
2017,37,Alesso
2017,38,
2017,38,Ummet Ozcan
2017,39,
2017,39,Fedde Le Grand
2017,40,
2017,40,Angerfist
2017,41,
2017,41,Wolfpack
2017,42,
2017,42,Nervo
2017,43,
2017,43,Timmy Trumpet
2017,44,
2017,44,Radical Redemption
2017,45,
2017,45,Major Lazer
2017,46,
2017,46,Tujamo
2017,47,
2017,47,Tom Swoon
2017,48,
2017,48,Kura
2017,49,
2017,49,Deadmau5
2017,50,
2017,50,Nicky Romero
2017,51,
2017,51,Paul van Dyk
2017,52,
2017,52,Danny Avila
2017,53,
2017,53,Aly & Fila
2017,54,
2017,54,ATB
2017,55,
2017,55,Yves V
2017,56,
2017,56,Diego Miranda
2017,57,
2017,57,Yellow Claw
2017,58,
2017,58,Miss K8
2017,59,
2017,59,Brennan Heart
2017,60,
2017,60,Mike Williams
2017,61,
2017,61,Dannic
2017,62,
2017,62,Carl Cox
2017,63,
2017,63,Carl Nunes
2017,64,
2017,64,Lucas & Steve
2017,65,
2017,65,Warface
2017,66,
2017,66,Galantis
2017,67,
2017,67,Da Tweekaz
2017,68,
2017,68,Jay Hardway
2017,69,
2017,69,Claptone
2017,70,
2017,70,Martin Jensen
2017,71,
2017,71,Florian Picasso
2017,72,
2017,72,Vini Vici
2017,73,
2017,73,Jauz
2017,74,
2017,74,Cat Dealers
2017,75,
2017,75,Sam Feldt
2017,76,
2017,76,Robin Schulz
2017,77,
2017,77,Andy C
2017,78,
2017,78,Carnage
2017,79,
2017,79,Andrew Rayel
2017,80,
2017,80,Richie Hawtin
2017,81,
2017,81,Solomun
2017,82,
2017,82,Steve Angello
2017,83,
2017,83,Will Sparks
2017,84,
2017,84,Mariana Bo
2017,85,
2017,85,Black Coffee
2017,86,
2017,86,Dillon Francis
2017,87,
2017,87,Flume
2017,88,
2017,88,Shogun
2017,89,
2017,89,Alison Wonderland
2017,90,
2017,90,Ferry Corsten
2017,91,
2017,91,Maceo Plex
2017,92,
2017,92,Carta
2017,93,
2017,93,MOSIMANN
2017,94,
2017,94,Julian Jordan
2017,95,
2017,95,tchami
2017,96,
2017,96,Porter Robinson
2017,97,
2017,97,Paul Kalkbrenner
2017,98,
2017,98,DJ L
2017,99,
2017,99,Swanky Tunes
2017,100,
2017,100,Disclosure
2018,1,
2018,1,Martin Garrix
2018,2,
2018,2,Dimitri Vegas & Like Mike
2018,3,
2018,3,Hardwell
2018,4,
2018,4,Armin Van Buuren
2018,5,
2018,5,David Guetta
2018,6,
2018,6,Tiësto
2018,7,
2018,7,Don Diablo
2018,8,
2018,8,Afrojack
2018,9,
2018,9,Oliver Heldens
2018,10,
2018,10,Marshmello
2018,11,
2018,11,Steve Aoki
2018,12,
2018,12,R3hab
2018,13,
2018,13,Alok
2018,14,
2018,14,W&W
2018,15,
2018,15,Avicii
2018,16,
2018,16,DVBBS
2018,17,
2018,17,Lost Frequencies
2018,18,
2018,18,KSHMR
2018,19,
2018,19,Vintage Culture
2018,20,
2018,20,Eric Prydz
2018,21,
2018,21,Skrillex
2018,22,
2018,22,Fedde Le Grand
2018,23,
2018,23,Ummet Ozcan
2018,24,
2018,24,DJ Snake
2018,25,
2018,25,Quintino
2018,26,
2018,26,VINAI
2018,27,
2018,27,Nervo
2018,28,
2018,28,Headhunterz
2018,29,
2018,29,Angerfist
2018,30,
2018,30,Bassjackers
2018,31,
2018,31,The Chainsmokers
2018,32,
2018,32,Kygo
2018,33,
2018,33,Timmy Trumpet
2018,34,
2018,34,Vini Vici
2018,35,
2018,35,Wolfpack
2018,36,
2018,36,Alan Walker
2018,37,
2018,37,Blasterjaxx
2018,38,
2018,38,Danny Avila
2018,39,
2018,39,Kura
2018,40,
2018,40,Calvin Harris
2018,41,
2018,41,Axwell /\ Ingrosso
2018,42,
2018,42,Diplo
2018,43,
2018,43,Nicky Romero
2018,44,
2018,44,Zedd
2018,45,
2018,45,Alesso
2018,46,
2018,46,Tujamo
2018,47,
2018,47,Yellow Claw
2018,48,
2018,48,Cat Dealers
2018,49,
2018,49,ATB
2018,50,
2018,50,Diego Miranda
2018,51,
2018,51,Above & Beyond
2018,52,
2018,52,Jeffrey Sutorius
2018,53,
2018,53,Carl Cox
2018,54,
2018,54,Martin Jensen
2018,55,
2018,55,Paul van Dyk
2018,56,
2018,56,Will Sparks
2018,57,
2018,57,Claptone
2018,58,
2018,58,Steve Angello
2018,59,
2018,59,Deadmau5
2018,60,
2018,60,Robin Schulz
2018,61,
2018,61,Richie Hawtin
2018,62,
2018,62,Florian Picasso
2018,63,
2018,63,Swedish House Mafia
2018,64,
2018,64,Jay Hardway
2018,65,
2018,65,Miss K8
2018,66,
2018,66,Mike Williams
2018,67,
2018,67,Andrew Rayel
2018,68,
2018,68,Mariana Bo
2018,69,
2018,69,Radical Redemption
2018,70,
2018,70,Brennan Heart
2018,71,
2018,71,Swanky Tunes
2018,72,
2018,72,MATTN
2018,73,
2018,73,Carta
2018,74,
2018,74,Aly & Fila
2018,75,
2018,75,Ferry Corsten
2018,76,
2018,76,Da Tweekaz
2018,77,
2018,77,Breathe Carolina
2018,78,
2018,78,Deniz Koyu // KO:YU
2018,79,
2018,79,Adam Beyer
2018,80,
2018,80,Daddy's Groove
2018,81,
2018,81,Mosimann
2018,82,
2018,82,tchami
2018,83,
2018,83,NGHTMRE
2018,84,
2018,84,DJ L
2018,85,
2018,85,Wildstylez
2018,86,
2018,86,Marco Carola
2018,87,
2018,87,Cedric Gervais
2018,88,
2018,88,MaRLo
2018,89,
2018,89,Deorro
2018,90,
2018,90,Andy C
2018,91,
2018,91,Solomun
2018,92,
2018,92,Lucas & Steve
2018,93,
2018,93,Markus Schulz
2018,94,
2018,94,Bobina
2018,95,
2018,95,Paul Kalkbrenner
2018,96,
2018,96,Alison Wonderland
2018,97,
2018,97,Nina Kraviz
2018,98,
2018,98,Rave Republic
2018,99,
2018,99,Carl Nunes
2018,100,
2018,100,SLANDER
2019,1,
2019,1,Dimitri Vegas & Like Mike
2019,2,
2019,2,Martin Garrix
2019,3,
2019,3,David Guetta
2019,4,
2019,4,Armin Van Buuren
2019,5,
2019,5,Marshmello
2019,6,
2019,6,Don Diablo
2019,7,
2019,7,Oliver Heldens
2019,8,
2019,8,Tiësto
2019,9,
2019,9,Afrojack
2019,10,
2019,10,Steve Aoki
2019,11,
2019,11,Alok
2019,12,
2019,12,Hardwell
2019,13,
2019,13,Timmy Trumpet
2019,14,
2019,14,R3hab
2019,15,
2019,15,KSHMR
2019,16,
2019,16,DJ Snake
2019,17,
2019,17,Eric Prydz
2019,18,
2019,18,W & W
2019,19,
2019,19,Calvin Harris
2019,20,
2019,20,Lost Frequencies
2019,21,
2019,21,Skrillex
2019,22,
2019,22,Above & Beyond
2019,23,
2019,23,DVBBS
2019,24,
2019,24,Nervo
2019,25,
2019,25,Quintino
2019,26,
2019,26,The Chainsmokers
2019,27,
2019,27,Alan Walker
2019,28,
2019,28,VINAI
2019,29,
2019,29,Headhunterz
2019,30,
2019,30,Fedde Le Grand
2019,31,
2019,31,Vini Vici
2019,32,
2019,32,Ummet Ozcan
2019,33,
2019,33,Angerfist
2019,34,
2019,34,Bassjackers
2019,35,
2019,35,Carl Cox
2019,36,
2019,36,Blasterjaxx
2019,37,
2019,37,Nicky Romero
2019,38,
2019,38,Wolfpack
2019,39,
2019,39,ATB
2019,40,
2019,40,Kura
2019,41,
2019,41,Danny Avila
2019,42,
2019,42,Swedish House Mafia
2019,43,
2019,43,Tujamo
2019,44,
2019,44,Alison Wonderland
2019,45,
2019,45,Martin Jensen
2019,46,
2019,46,Cat Dealers
2019,47,
2019,47,Vintage Culture
2019,48,
2019,48,Adam Beyer
2019,49,
2019,49,Mariana Bo
2019,50,
2019,50,Zedd
2019,51,
2019,51,MATTN
2019,52,
2019,52,Kygo
2019,53,
2019,53,Claptone
2019,54,
2019,54,Mike Williams
2019,55,
2019,55,Diego Miranda
2019,56,
2019,56,Yves V
2019,57,
2019,57,Will Sparks
2019,58,
2019,58,Steve Angello
2019,59,
2019,59,Ferry Corsten
2019,60,
2019,60,Nina Kraviz
2019,61,
2019,61,Alesso
2019,62,
2019,62,Breathe Carolina
2019,63,
2019,63,FISHER
2019,64,
2019,64,Illenium
2019,65,
2019,65,Deorro
2019,66,
2019,66,Richie Hawtin
2019,67,
2019,67,Diplo
2019,68,
2019,68,Da Tweekaz
2019,69,
2019,69,Miss K8
2019,70,
2019,70,3 Are Legend
2019,71,
2019,71,Deadmau5
2019,72,
2019,72,Carta
2019,73,
2019,73,Carl Nunes
2019,74,
2019,74,Charlotte de Witte
2019,75,
2019,75,Warface
2019,76,
2019,76,Cedric Gervais
2019,77,
2019,77,Yellow Claw
2019,78,
2019,78,Lucas & Steve
2019,79,
2019,79,Andy C
2019,80,
2019,80,Peggy Gou
2019,81,
2019,81,Deniz Koyu
2019,82,
2019,82,Robin Schulz
2019,83,
2019,83,Vicetone
2019,84,
2019,84,Tom & Collins
2019,85,
2019,85,Boris Brejcha
2019,86,
2019,86,Marco Carola
2019,87,
2019,87,Paul van Dyk
2019,88,
2019,88,Solardo
2019,89,
2019,89,Thomas Gold
2019,90,
2019,90,Black Coffee
2019,91,
2019,91,Paul Kalkbrenner
2019,92,
2019,92,Daddy's Groove
2019,93,
2019,93,Julian Jordan
2019,94,
2019,94,Rave Republic
2019,95,
2019,95,Sub Zero Project
2019,96,
2019,96,D.O.D
2019,97,
2019,97,Henri PFR
2019,98,
2019,98,Florian Picasso
2019,99,
2019,99,Swanky Tunes
2019,100,
2019,100,Solomun
2020,1,
2020,1,David Guetta
2020,2,
2020,2,Dimitri Vegas & Like Mike
2020,3,
2020,3,Martin Garrix
2020,4,
2020,4,Armin Van Buuren
2020,5,
2020,5,Alok
2020,6,
2020,6,Don Diablo
2020,7,
2020,7,Afrojack
2020,8,
2020,8,Oliver Heldens
2020,9,
2020,9,Steve Aoki
2020,10,
2020,10,Timmy Trumpet
2020,11,
2020,11,Marshmello
2020,12,
2020,12,KSHMR
2020,13,
2020,13,R3hab
2020,14,
2020,14,W&W
2020,15,
2020,15,Skrillex
2020,16,
2020,16,Tiësto
2020,17,
2020,17,Hardwell
2020,18,
2020,18,Calvin Harris
2020,19,
2020,19,Above & Beyond
2020,20,
2020,20,Nervo
2020,21,
2020,21,Lost Frequencies
2020,22,
2020,22,Eric Prydz
2020,23,
2020,23,Fedde Le Grand
2020,24,
2020,24,Vini Vici
2020,25,
2020,25,DJ Snake
2020,26,
2020,26,Alan Walker
2020,27,
2020,27,The Chainsmokers
2020,28,
2020,28,Kygo
2020,29,
2020,29,Bassjackers
2020,30,
2020,30,Vintage Culture
2020,31,
2020,31,Nicky Romero
2020,32,
2020,32,Charlotte de Witte
2020,33,
2020,33,Quintino
2020,34,
2020,34,Carl Cox
2020,35,
2020,35,Zedd
2020,36,
2020,36,Angerfist
2020,37,
2020,37,Diplo
2020,38,
2020,38,Danny Avila
2020,39,
2020,39,VINAI
2020,40,
2020,40,Tujamo
2020,41,
2020,41,Claptone
2020,42,
2020,42,MATTN
2020,43,
2020,43,Illenium
2020,44,
2020,44,Mariana Bo
2020,45,
2020,45,Alesso
2020,46,
2020,46,Headhunterz
2020,47,
2020,47,Alison Wonderland
2020,48,
2020,48,Adam Beyer
2020,49,
2020,49,Wolfpack
2020,50,
2020,50,Paul van Dyk
2020,51,
2020,51,Diego Miranda
2020,52,
2020,52,Cat Dealers
2020,53,
2020,53,Ferry Corsten
2020,54,
2020,54,Miss K8
2020,55,
2020,55,DVBBS
2020,56,
2020,56,ATB
2020,57,
2020,57,REZZ
2020,58,
2020,58,Will Sparks
2020,59,
2020,59,Amelie Lens
2020,60,
2020,60,Boris Brejcha
2020,61,
2020,61,Carta
2020,62,
2020,62,3 Are Legend
2020,63,
2020,63,Breathe Carolina
2020,64,
2020,64,Deadmau5
2020,65,
2020,65,Ummet Ozcan
2020,66,
2020,66,Nina Kraviz
2020,67,
2020,67,Yellow Claw
2020,68,
2020,68,Jamie Jones
2020,69,
2020,69,Peggy Gou
2020,70,
2020,70,Blasterjaxx
2020,71,
2020,71,Julian Jordan
2020,72,
2020,72,Deniz Koyu
2020,73,
2020,73,Nora En Pure
2020,74,
2020,74,Kura
2020,75,
2020,75,Florian Picasso
2020,76,
2020,76,TBC - marek
2020,77,
2020,77,Tom & Collins
2020,78,
2020,78,Brennan Heart
2020,79,
2020,79,Mr Pig
2020,80,
2020,80,Radical Redemption
2020,81,
2020,81,Rave Republic
2020,82,
2020,82,Pink Panda
2020,83,
2020,83,D.O.D
2020,84,
2020,84,Swedish House Mafia
2020,85,
2020,85,Plastik Funk
2020,86,
2020,86,Green Velvet
2020,87,
2020,87,Sunnery James & Ryan Marciano
2020,88,
2020,88,Aryue
2020,89,
2020,89,Burak Yeter
2020,90,
2020,90,Mike Williams
2020,91,
2020,91,Black Coffee
2020,92,
2020,92,Tungevaag
2020,93,
2020,93,Deborah De Luca
2020,94,
2020,94,Mike Perry
2020,95,
2020,95,ANNA
2020,96,
2020,96,Dimitri Vangelis & Wyman
2020,97,
2020,97,Blastoyz
2020,98,
2020,98,22Bullets
2020,99,
2020,99,Robin Schulz
2020,100,
2020,100,Marco Carola
2021,1,
2021,1,David Guetta
2021,2,
2021,2,Martin Garrix
2021,3,
2021,3,Armin Van Buuren
2021,4,
2021,4,Alok
2021,5,
2021,5,Dimitri Vegas & Like Mike
2021,6,
2021,6,Afrojack
2021,7,
2021,7,Don Diablo
2021,8,
2021,8,Oliver Heldens
2021,9,
2021,9,Timmy Trumpet
2021,10,
2021,10,Steve Aoki
2021,11,
2021,11,KSHMR
2021,12,
2021,12,R3hab
2021,13,
2021,13,Marshmello
2021,14,
2021,14,W&W
2021,15,
2021,15,Tiësto
2021,16,
2021,16,Calvin Harris
2021,17,
2021,17,Vintage Culture
2021,18,
2021,18,Nervo
2021,19,
2021,19,Fedde Le Grand
2021,20,
2021,20,Vini Vici
2021,21,
2021,21,Above & Beyond
2021,22,
2021,22,Alan Walker
2021,23,
2021,23,Charlotte de Witte
2021,24,
2021,24,Skrillex
2021,25,
2021,25,Lost Frequencies
2021,26,
2021,26,Nicky Romero
2021,27,
2021,27,Carl Cox
2021,28,
2021,28,Bassjackers
2021,29,
2021,29,The Chainsmokers
2021,30,
2021,30,Quintino
2021,31,
2021,31,Eric Prydz
2021,32,
2021,32,Claptone
2021,33,
2021,33,DJ Snake
2021,34,
2021,34,Danny Avila
2021,35,
2021,35,ATB
2021,36,
2021,36,Tujamo
2021,37,
2021,37,GORDO
2021,38,
2021,38,Peggy Gou
2021,39,
2021,39,MORTEN
2021,40,
2021,40,Mariana Bo
2021,41,
2021,41,Paul van Dyk
2021,42,
2021,42,Boris Brejcha
2021,43,
2021,43,Ummet Ozcan
2021,44,
2021,44,Amelie Lens
2021,45,
2021,45,REZZ
2021,46,
2021,46,Angerfist
2021,47,
2021,47,Diego Miranda
2021,48,
2021,48,Kygo
2021,49,
2021,49,Alison Wonderland
2021,50,
2021,50,Jamie Jones
2021,51,
2021,51,VINAI
2021,52,
2021,52,Deadmau5
2021,53,
2021,53,Miss K8
2021,54,
2021,54,Nina Kraviz
2021,55,
2021,55,Beauz
2021,56,
2021,56,Will Sparks
2021,57,
2021,57,Ferry Corsten
2021,58,
2021,58,Adam Beyer
2021,59,
2021,59,Nora En Pure
2021,60,
2021,60,Carta
2021,61,
2021,61,Blasterjaxx
2021,62,
2021,62,Breathe Carolina
2021,63,
2021,63,Alesso
2021,64,
2021,64,Zedd
2021,65,
2021,65,Pink Panda
2021,66,
2021,66,Julian Jordan
2021,67,
2021,67,MATTN
2021,68,
2021,68,Black Coffee
2021,69,
2021,69,Panta Q
2021,70,
2021,70,Mike Williams
2021,71,
2021,71,Deniz Koyu
2021,72,
2021,72,Naeleck
2021,73,
2021,73,Brennan Heart
2021,74,
2021,74,Kura
2021,75,
2021,75,Tom & Collins
2021,76,
2021,76,Mr Pig
2021,77,
2021,77,FISHER
2021,78,
2021,78,Virtual Riot
2021,79,
2021,79,D.O.D
2021,80,
2021,80,Plastik Funk
2021,81,
2021,81,Green Velvet
2021,82,
2021,82,Burak Yeter
2021,83,
2021,83,KAAZE
2021,84,
2021,84,Aryue
2021,85,
2021,85,Cat Dealers
2021,86,
2021,86,Rave Republic
2021,87,
2021,87,Sunnery James & Ryan Marciano
2021,88,
2021,88,MaRLo
2021,89,
2021,89,Tungevaag
2021,90,
2021,90,Giftback
2021,91,
2021,91,Christina Novelli
2021,92,
2021,92,22Bullets
2021,93,
2021,93,KAKA
2021,94,
2021,94,Blastoyz
2021,95,
2021,95,Florian Picasso
2021,96,
2021,96,Luminn
2021,97,
2021,97,Alexso
2021,98,
2021,98,Daddy’s Groove
2021,99,
2021,99,Dexter King
2021,100,
2021,100,VIZE
2022,1,
2022,1,Martin Garrix
2022,2,
2022,2,David Guetta
2022,3,
2022,3,Dimitri Vegas & Like Mike
2022,4,
2022,4,Alok
2022,5,
2022,5,Armin Van Buuren
2022,6,
2022,6,Afrojack
2022,7,
2022,7,Steve Aoki
2022,8,
2022,8,Timmy Trumpet
2022,9,
2022,9,Don Diablo
2022,10,
2022,10,Oliver Heldens
2022,11,
2022,11,Vintage Culture
2022,12,
2022,12,KSHMR
2022,13,
2022,13,R3hab
2022,14,
2022,14,Charlotte de Witte
2022,15,
2022,15,Tiësto
2022,16,
2022,16,Calvin Harris
2022,17,
2022,17,Alan Walker
2022,18,
2022,18,W&W
2022,19,
2022,19,Fedde Le Grand
2022,20,
2022,20,Nicky Romero
2022,21,
2022,21,Vini Vici
2022,22,
2022,22,Carl Cox
2022,23,
2022,23,Skrillex
2022,24,
2022,24,Peggy Gou
2022,25,
2022,25,GORDO
2022,26,
2022,26,Marshmello
2022,27,
2022,27,Bassjackers
2022,28,
2022,28,Lost Frequencies
2022,29,
2022,29,Eric Prydz
2022,30,
2022,30,Above & Beyond
2022,31,
2022,31,Claptone
2022,32,
2022,32,Jamie Jones
2022,33,
2022,33,Quintino
2022,34,
2022,34,Mariana Bo
2022,35,
2022,35,Tujamo
2022,36,
2022,36,Danny Avila
2022,37,
2022,37,Amelie Lens
2022,38,
2022,38,Paul van Dyk
2022,39,
2022,39,Black Coffee
2022,40,
2022,40,Nervo
2022,41,
2022,41,Ummet Ozcan
2022,42,
2022,42,ATB
2022,43,
2022,43,Hardwell
2022,44,
2022,44,DJ Snake
2022,45,
2022,45,VINAI
2022,46,
2022,46,The Chainsmokers
2022,47,
2022,47,Alison Wonderland
2022,48,
2022,48,FISHER
2022,49,
2022,49,Reinier Zonneveld
2022,50,
2022,50,Deborah De Luca
2022,51,
2022,51,Adam Beyer
2022,52,
2022,52,Blasterjaxx
2022,53,
2022,53,Beauz
2022,54,
2022,54,Diego Miranda
2022,55,
2022,55,REZZ
2022,56,
2022,56,MORTEN
2022,57,
2022,57,Nora En Pure
2022,58,
2022,58,Zedd
2022,59,
2022,59,Carta
2022,60,
2022,60,Julian Jordan
2022,61,
2022,61,Boris Brejcha
2022,62,
2022,62,Will Sparks
2022,63,
2022,63,Angerfist
2022,64,
2022,64,Alesso
2022,65,
2022,65,Deadmau5
2022,66,
2022,66,Cat Dealers
2022,67,
2022,67,Joel Corry
2022,68,
2022,68,Brennan Heart
2022,69,
2022,69,Topic
2022,70,
2022,70,KAAZE
2022,71,
2022,71,Tom & Collins
2022,72,
2022,72,Plastik Funk
2022,73,
2022,73,Kura
2022,74,
2022,74,Naeleck
2022,75,
2022,75,Pink Panda
2022,76,
2022,76,Burak Yeter
2022,77,
2022,77,Swedish House Mafia
2022,78,
2022,78,MATTN
2022,79,
2022,79,Breathe Carolina
2022,80,
2022,80,Ofenbach
2022,81,
2022,81,Tungevaag
2022,82,
2022,82,Green Velvet
2022,83,
2022,83,22Bullets
2022,84,
2022,84,Lucas & Steve
2022,85,
2022,85,Mr Pig
2022,86,
2022,86,Aryue
2022,87,
2022,87,Ferry Corsten
2022,88,
2022,88,Solomun
2022,89,
2022,89,Miss K8
2022,90,
2022,90,Honey Dijon
2022,91,
2022,91,Acraze
2022,92,
2022,92,Le Twins
2022,93,
2022,93,Dubdogz
2022,94,
2022,94,Rave Republic
2022,95,
2022,95,KAKA
2022,96,
2022,96,Sunnery James & Ryan Marciano
2022,97,
2022,97,Maya Jane Coles
2022,98,
2022,98,Jay Hardway
2022,99,
2022,99,Cuebrick
2022,100,
2022,100,The Martinez Brothers
2023,1,
2023,1,David Guetta
2023,2,
2023,2,Dimitri Vegas & Like Mike
2023,3,
2023,3,Martin Garrix
2023,4,
2023,4,Alok
2023,5,
2023,5,Armin Van Buuren
2023,6,
2023,6,Timmy Trumpet
2023,7,
2023,7,Afrojack
2023,8,
2023,8,Steve Aoki
2023,9,
2023,9,Peggy Gou
2023,10,
2023,10,Vintage Culture
2023,11,
2023,11,Alan Walker
2023,12,
2023,12,Calvin Harris
2023,13,
2023,13,Don Diablo
2023,14,
2023,14,R3hab
2023,15,
2023,15,KSHMR
2023,16,
2023,16,W&W
2023,17,
2023,17,Skrillex
2023,18,
2023,18,Charlotte de Witte
2023,19,
2023,19,Oliver Heldens
2023,20,
2023,20,FISHER
2023,21,
2023,21,GORDO
2023,22,
2023,22,Lost Frequencies
2023,23,
2023,23,Tiësto
2023,24,
2023,24,Nicky Romero
2023,25,
2023,25,Black Coffee
2023,26,
2023,26,Carl Cox
2023,27,
2023,27,Reinier Zonneveld
2023,28,
2023,28,Vini Vici
2023,29,
2023,29,Quintino
2023,30,
2023,30,Amelie Lens
2023,31,
2023,31,Bassjackers
2023,32,
2023,32,Claptone
2023,33,
2023,33,Fedde Le Grand
2023,34,
2023,34,Fred Again..
2023,35,
2023,35,Marshmello
2023,36,
2023,36,Jamie Jones
2023,37,
2023,37,Hardwell
2023,38,
2023,38,DJ Snake
2023,39,
2023,39,Eric Prydz
2023,40,
2023,40,Above & Beyond
2023,41,
2023,41,Joel Corry
2023,42,
2023,42,Danny Avila
2023,43,
2023,43,Mariana Bo
2023,44,
2023,44,The Chainsmokers
2023,45,
2023,45,Paul van Dyk
2023,46,
2023,46,Deborah De Luca
2023,47,
2023,47,Zedd
2023,48,
2023,48,Nervo
2023,49,
2023,49,ATB
2023,50,
2023,50,Beauz
2023,51,
2023,51,VINAI
2023,52,
2023,52,Alesso
2023,53,
2023,53,Nora En Pure
2023,54,
2023,54,Tujamo
2023,55,
2023,55,Boris Brejcha
2023,56,
2023,56,REZZ
2023,57,
2023,57,Topic
2023,58,
2023,58,Blasterjaxx
2023,59,
2023,59,KAAZE
2023,60,
2023,60,The Martinez Brothers
2023,61,
2023,61,Adam Beyer
2023,62,
2023,62,Kura
2023,63,
2023,63,Swedish House Mafia
2023,64,
2023,64,Dubdogz
2023,65,
2023,65,Deadmau5
2023,66,
2023,66,Mike Williams
2023,67,
2023,67,Burak Yeter
2023,68,
2023,68,Julian Jordan
2023,69,
2023,69,Ummet Ozcan
2023,70,
2023,70,Cat Dealers
2023,71,
2023,71,Angerfist
2023,72,
2023,72,Plastik Funk
2023,73,
2023,73,Tungevaag
2023,74,
2023,74,Acraze
2023,75,
2023,75,Tom & Collins
2023,76,
2023,76,Deorro
2023,77,
2023,77,Ofenbach
2023,78,
2023,78,22Bullets
2023,79,
2023,79,Brennan Heart
2023,80,
2023,80,Diego Miranda
2023,81,
2023,81,Lucas & Steve
2023,82,
2023,82,Aryue
2023,83,
2023,83,James Hype
2023,84,
2023,84,Le Twins
2023,85,
2023,85,Pink Panda
2023,86,
2023,86,KAKA
2023,87,
2023,87,Naeleck
2023,88,
2023,88,MARTEN HØRGER
2023,89,
2023,89,Ferry Corsten
2023,90,
2023,90,MORTEN
2023,91,
2023,91,Kölsch
2023,92,
2023,92,Rave Republic
2023,93,
2023,93,Cuebrick
2023,94,
2023,94,Solomun
2023,95,
2023,95,Maddix
2023,96,
2023,96,Lizzy Wang
2023,97,
2023,97,Indira Paganotto
2023,98,
2023,98,Liu
2023,99,
2023,99,Le Shuuk
2023,100,
2023,100,Jay Hardway
2024,1,
2024,1,Martin Garrix
2024,2,
2024,2,David Guetta
2024,3,
2024,3,Dimitri Vegas & Like Mike
2024,4,
2024,4,Alok
2024,5,
2024,5,Timmy Trumpet
2024,6,
2024,6,Armin Van Buuren
2024,7,
2024,7,Afrojack
2024,8,
2024,8,FISHER
2024,9,
2024,9,Vintage Culture
2024,10,
2024,10,Peggy Gou
2024,11,
2024,11,Hardwell
2024,12,
2024,12,Steve Aoki
2024,13,
2024,13,Alan Walker
2024,14,
2024,14,KSHMR
2024,15,
2024,15,Don Diablo
2024,16,
2024,16,Charlotte de Witte
2024,17,
2024,17,Anyma
2024,18,
2024,18,R3hab
2024,19,
2024,19,Skrillex
2024,20,
2024,20,Lost Frequencies
2024,21,
2024,21,W&W
2024,22,
2024,22,Calvin Harris
2024,23,
2024,23,Tiësto
2024,24,
2024,24,Black Coffee
2024,25,
2024,25,Nicky Romero
2024,26,
2024,26,Reinier Zonneveld
2024,27,
2024,27,Vini Vici
2024,28,
2024,28,Fred Again..
2024,29,
2024,29,Oliver Heldens
2024,30,
2024,30,Jamie Jones
2024,31,
2024,31,Carl Cox
2024,32,
2024,32,Claptone
2024,33,
2024,33,DJ Snake
2024,34,
2024,34,Marshmello
2024,35,
2024,35,Keinemusik
2024,36,
2024,36,Joel Corry
2024,37,
2024,37,Paul van Dyk
2024,38,
2024,38,Quintino
2024,39,
2024,39,Swedish House Mafia
2024,40,
2024,40,Fedde Le Grand
2024,41,
2024,41,Amelie Lens
2024,42,
2024,42,The Chainsmokers
2024,43,
2024,43,Alesso
2024,44,
2024,44,Bassjackers
2024,45,
2024,45,GORDO
2024,46,
2024,46,Eric Prydz
2024,47,
2024,47,ATB
2024,48,
2024,48,KAAZE
2024,49,
2024,49,Indira Paganotto
2024,50,
2024,50,Nervo
2024,51,
2024,51,Mariana Bo
2024,52,
2024,52,VINAI
2024,53,
2024,53,Above & Beyond
2024,54,
2024,54,Zedd
2024,55,
2024,55,Boris Brejcha
2024,56,
2024,56,Kura
2024,57,
2024,57,James Hype
2024,58,
2024,58,Deborah De Luca
2024,59,
2024,59,Tujamo
2024,60,
2024,60,Korolova
2024,61,
2024,61,Mochakk
2024,62,
2024,62,Dubdogz
2024,63,
2024,63,Julian Jordan
2024,64,
2024,64,Burak Yeter
2024,65,
2024,65,Nora En Pure
2024,66,
2024,66,Dom Dolla
2024,67,
2024,67,Deadmau5
2024,68,
2024,68,The Martinez Brothers
2024,69,
2024,69,Maddix
2024,70,
2024,70,John Summit
2024,71,
2024,71,Lucas & Steve
2024,72,
2024,72,Danny Avila
2024,73,
2024,73,Mike Williams
2024,74,
2024,74,22Bullets
2024,75,
2024,75,Sara Landry
2024,76,
2024,76,DubVision
2024,77,
2024,77,Cat Dealers
2024,78,
2024,78,Kölsch
2024,79,
2024,79,Liu
2024,80,
2024,80,Ferry Corsten
2024,81,
2024,81,Plastik Funk
2024,82,
2024,82,Jax Jones
2024,83,
2024,83,Le Twins
2024,84,
2024,84,Tungevaag
2024,85,
2024,85,Aryue
2024,86,
2024,86,REZZ
2024,87,
2024,87,WUKONG
2024,88,
2024,88,Solomun
2024,89,
2024,89,Cuebrick
2024,90,
2024,90,Marnik
2024,91,
2024,91,Mau P
2024,92,
2024,92,KAKA
2024,93,
2024,93,Pink Panda
2024,94,
2024,94,B Jones
2024,95,
2024,95,Naeleck
2024,96,
2024,96,Rave Republic
2024,97,
2024,97,Topic
2024,98,
2024,98,Giuseppe Ottaviani
2024,99,
2024,99,Faustix
2024,100,
2024,100,MEDUZA
