,Year,Rank,DJ Name
1,2004,1,Tiësto
3,2004,2,Paul van Dyk
5,2004,3,Armin Van Buuren
7,2004,4,Sasha
9,2004,5,Ferry Corsten
11,2004,6,Hernan Cattaneo
13,2004,7,Christopher Lawrence
15,2004,8,John Digweed
17,2004,9,Paul Oakenfold
19,2004,10,Deep Dish
21,2004,11,Carl Cox
23,2004,12,Sander Kleinenberg
25,2004,13,ATB
27,2004,14,Judge Jules
29,2004,15,James Zabiela
31,2004,16,Marco V
33,2004,17,Roger Sanchez
35,2004,18,Benny Benassi
37,2004,19,Tall Paul
39,2004,20,Danny Howells
41,2004,21,Steve Lawler
43,2004,22,Erick Morillo
45,2004,23,Chris Liebing
47,2004,24,DJ Dan
49,2004,25,Eddie Halliwell
51,2004,26,Andy C
53,2004,27,Mauro Picotto
55,2004,28,Johan Gielen
57,2004,29,Lady Dana
59,2004,30,Lisa Lashes
61,2004,31,Adam Freeland
63,2004,32,Markus Schulz
65,2004,33,Yoji Biomehanika
67,2004,34,Sven Väth
69,2004,35,Bad Boy Bill
71,2004,36,James Holden
73,2004,37,Dave Clarke
75,2004,38,Blank & Jones
77,2004,39,Above & Beyond
79,2004,40,Danny Tenaglia
81,2004,41,Gabriel & Dresden
83,2004,42,TBC
85,2004,43,Nick Warren
87,2004,44,Richie Hawtin
89,2004,45,Laurent Garnier
91,2004,46,Pete Tong
93,2004,47,Jeff Mills
95,2004,48,Satoshi Tomiie
97,2004,49,Misstress Barbara
99,2004,50,Adam Beyer
101,2004,51,Fatboy Slim
103,2004,52,John '00' Fleming
105,2004,53,Plump DJ's
107,2004,54,David Morales
109,2004,55,Umek
111,2004,56,Lee Burridge
113,2004,57,Dave Seaman
115,2004,58,Fergie
117,2004,59,Matt Hardwick
119,2004,60,Slacker
121,2004,61,DJ Luna
123,2004,62,M.I.K.E.
125,2004,63,DJ Rush
127,2004,64,Max Graham
129,2005,1,Paul van Dyk
131,2005,2,Tiësto
133,2005,3,Armin Van Buuren
135,2005,4,Sasha
137,2005,5,Ferry Corsten
139,2005,6,John Digweed
141,2005,7,Hernan Cattaneo
143,2005,8,Deep Dish
145,2005,9,ATB
147,2005,10,Carl Cox
149,2005,11,Paul Oakenfold
151,2005,12,Richie Hawtin
153,2005,13,James Zabiela
155,2005,14,Christopher Lawrence
157,2005,15,Judge Jules
159,2005,16,Marco V
161,2005,17,Eddie Halliwell
163,2005,18,Erick Morillo
165,2005,19,Above & Beyond
167,2005,20,Sander Kleinenberg
169,2005,21,Markus Schulz
171,2005,22,Benny Benassi
173,2005,23,Sven Väth
175,2005,24,DJ Dan
177,2005,25,Danny Howells
179,2005,26,Infected Mushroom
181,2005,27,Roger Sanchez
183,2005,28,Mauro Picotto
185,2005,29,Gabriel & Dresden
187,2005,30,Steve Lawler
189,2005,31,Blank & Jones
191,2005,32,Yoji Biomehanika
193,2005,33,Chris Liebing
195,2005,34,Danny Tenaglia
197,2005,35,Nick Warren
199,2005,36,Dave Clarke
201,2005,37,James Holden
203,2005,38,Mario Piu
205,2005,39,David Guetta
207,2005,40,DJ Vibe
209,2005,41,Kai Tracid
211,2005,42,Bad Boy Bill
213,2005,43,Tall Paul
215,2005,44,Tiga
217,2005,45,DJ Yahel
219,2005,46,Andy Moor
221,2005,47,Ricardo Villalobos
223,2005,48,Ricky Stone
225,2005,49,Pete Tong
227,2005,50,Martin Garcia
229,2005,51,Frank T.R.A.X
231,2005,52,Timo Maas
233,2005,53,Laurent Garnier
235,2005,54,Desyn Masiello
237,2005,55,Victor Calderone
239,2005,56,Lisa Lashes
241,2005,57,Johan Gielen
243,2005,58,Matt Hardwick
245,2005,59,Misstress Barbara
247,2005,60,Fergie
249,2005,61,Armand Van Helden
251,2005,62,Michel De Hey
253,2005,63,Fatboy Slim
255,2005,64,Jeff Mills
257,2005,65,DJ Rush
259,2005,66,The Flash Brothers
261,2005,67,Adam Beyer
263,2005,67,Adam Beyer
265,2005,68,Donald Glaude
267,2005,69,Dave Seaman
269,2005,70,Andy C
271,2005,71,Chus & Ceballos
273,2005,72,John '00' Fleming
275,2005,73,Satoshi Tomiie
277,2005,74,DJ Tatana
279,2005,75,Astrix
281,2005,76,Lee Burridge
283,2005,77,M.I.K.E.
285,2005,78,Lady Dana
287,2005,79,Umek
289,2005,80,Nic Fanciulli
291,2005,81,Rank 1
293,2005,82,BT
295,2005,83,Anne Savage
297,2005,85,Plump DJ's
299,2005,86,Miss Kitten
301,2005,87,Felix Da Housecat
303,2005,88,Christian Cambas
305,2005,89,Scot Project
307,2005,90,Cosmic Gate
309,2005,91,Matt Darey
311,2005,92,DJ Sammy
313,2005,93,Proteus
315,2005,94,DJ Luna
317,2005,95,Moshic
319,2005,96,Max Graham
321,2005,97,DJ Amadeus
323,2005,98,Gigi D'Agostino
325,2005,99,Marco Bailey
327,2005,100,Magda
329,2006,1,Paul van Dyk
331,2006,2,Armin Van Buuren
333,2006,3,Tiësto
335,2006,4,Christopher Lawrence
337,2006,5,DJ Dan
339,2006,6,Ferry Corsten
341,2006,7,Sasha
343,2006,8,John Digweed
345,2006,9,Above & Beyond
347,2006,10,Deep Dish
349,2006,11,Carl Cox
351,2006,12,Infected Mushroom
353,2006,13,ATB
355,2006,14,Paul Oakenfold
357,2006,15,Hernan Cattaneo
359,2006,16,Judge Jules
361,2006,17,Eddie Halliwell
363,2006,18,Marco V
365,2006,19,Markus Schulz
367,2006,20,Gabriel & Dresden
369,2006,21,James Zabiela
371,2006,22,John Acquaviva
373,2006,23,Flash Brothers
375,2006,24,DJ Amadeus
377,2006,25,Erick Morillo
379,2006,26,Benny Benassi
381,2006,27,Sander Kleinenberg
383,2006,28,DJ Yahel
385,2006,29,Offer Nissim
387,2006,30,Andy Moor
389,2006,31,David Guetta
391,2006,32,Sander Van Doorn
393,2006,33,Richie Hawtin
395,2006,34,Gareth Emery
397,2006,35,Phil Kieran
399,2006,36,Nick Warren
401,2006,37,DJ Skazi
403,2006,38,Steve Lawler
405,2006,39,D-Formation
407,2006,40,Ricky Stone
409,2006,41,Astrix
411,2006,42,Roger Sanchez
413,2006,43,Bad Boy Bill
415,2006,44,Sven Väth
417,2006,45,The Thrillseekers
419,2006,46,Donald Glaude
421,2006,47,DJ Vibe
423,2006,48,Kyau & Albert
425,2006,49,Chris Liebing
427,2006,50,Tiga
429,2006,51,Matt Darey
431,2006,52,Bob Sinclair
433,2006,53,James Holden
435,2006,54,Lange
437,2006,55,Wrecked Machines
439,2006,56,Dion Mavath
441,2006,57,Pete Tong
443,2006,58,Danny Tenaglia
445,2006,59,George Acosta
447,2006,60,Blank & Jones
449,2006,61,DJ Sammy
451,2006,62,Joachim Garraud
453,2006,63,Timo Maas
455,2006,64,Matt Hardwick
457,2006,65,Frank T.R.A.X
459,2006,66,Steve Angello
461,2006,67,Danny Howells
463,2006,68,Simon Posford
465,2006,69,John Graham
467,2006,70,Desyn Masiello
469,2006,71,Mauro Picotto
471,2006,72,Menno De Jong
473,2006,73,BT
475,2006,74,Scott K
477,2006,75,Tall Paul
479,2006,76,M.I.K.E.
481,2006,77,Filo & Peri
483,2006,78,DJ Tarkan
485,2006,79,Anderson Noise
487,2006,80,Fatboy Slim
489,2006,81,Serge Devant
491,2006,82,Umek
493,2006,83,Victor Calderone
495,2006,84,Darude
497,2006,85,Fergie
499,2006,86,Tallah 2XLC
501,2006,87,Ronski Speed
503,2006,88,Lee Burridge
505,2006,89,Mario Piu
507,2006,90,Axel Karakasis
509,2006,91,Steve Porter
511,2006,92,Yoji Biomehanika
513,2006,93,Axwell
515,2006,94,Stanton Warriors
517,2006,95,Dave Seaman
519,2006,96,Robbie Rivera
521,2006,97,Andy C
523,2006,98,Agnelli & Nelson
525,2006,99,Lisa Lashes
527,2006,100,Dave Clarke
529,2007,1,Armin Van Buuren
531,2007,2,Tiësto
533,2007,3,John Digweed
535,2007,4,Paul van Dyk
537,2007,5,Sasha
539,2007,6,Above & Beyond
541,2007,7,Carl Cox
543,2007,8,Ferry Corsten
545,2007,9,Infected Mushroom
547,2007,10,David Guetta
549,2007,11,Deep Dish
551,2007,12,Paul Oakenfold
553,2007,13,Markus Schulz
555,2007,14,Hernan Cattaneo
557,2007,15,Sander Van Doorn
559,2007,16,Eddie Halliwell
561,2007,17,James Zabiela
563,2007,18,Astrix
565,2007,19,Richie Hawtin
567,2007,20,Marco V
569,2007,21,Judge Jules
571,2007,22,Fedde Le Grand
573,2007,23,Gabriel & Dresden
575,2007,24,Erick Morillo
577,2007,25,Roger Sanchez
579,2007,26,ATB
581,2007,27,Sven Väth
583,2007,28,Yahel
585,2007,29,Umek
587,2007,30,Andy Moor
589,2007,31,Gareth Emery
591,2007,32,Benny Benassi
593,2007,33,Axwell
595,2007,34,Mauro Picotto
597,2007,35,Sander Kleinenberg
599,2007,36,Eric Prydz
601,2007,37,Blank & Jones
603,2007,38,Bad Boy Bill
605,2007,39,Pete Tong
607,2007,40,DJ Vibe
609,2007,41,Tiga
611,2007,42,Steve Lawler
613,2007,43,Danny Tenaglia
615,2007,44,Ronski Speed
617,2007,45,Nic Fanciulli
619,2007,46,Steve Angello
621,2007,47,Nick Warren
623,2007,48,Matt Hardwick
625,2007,49,Ricardo Villalobos
627,2007,50,James Holden
629,2007,51,Mark Knight
631,2007,53,Marco Bailey
633,2007,54,Anderson Noise
635,2007,55,Lange
637,2007,56,Offer Nissim
639,2007,57,Kyau & Albert
641,2007,58,Justice
643,2007,60,Timo Maas
645,2007,61,Danny Howells
647,2007,62,Menno De Jong
649,2007,63,Bob Sinclair
651,2007,64,John Acquaviva
653,2007,65,Agnelli & Nelson
655,2007,66,Fatboy Slim
657,2007,67,Andy C
659,2007,68,Ricky Stone
661,2007,69,Donald Glaude
663,2007,70,Desyn Masiello
665,2007,71,Daft Punk
667,2007,72,Martin Solveig
669,2007,73,BT
671,2007,74,Chris Liebing
673,2007,75,Valentino Kanzyani
675,2007,76,Trentemøller
677,2007,77,Jeff Mills
679,2007,78,John Graham
681,2007,79,Robbie Rivera
683,2007,80,The Chemical Brothers
685,2007,81,Luciano
687,2007,82,Hype
689,2007,83,Lisa Lashes
691,2007,84,Filo & Peri
693,2007,85,Lee Burridge
695,2007,86,Armand Van Helden
697,2007,87,Magda
699,2007,88,Dave Seaman
701,2007,89,Victor Calderone
703,2007,90,Dave Clarke
705,2007,91,Richard Durand
707,2007,92,Westbam
709,2007,93,Sébastien Léger
711,2007,94,Chus & Ceballos
713,2007,95,Wally Lopez
715,2007,97,Adam Beyer
717,2007,99,Erol Alkan
719,2007,100,Laurent Garnier
721,2008,1,Armin Van Buuren
723,2008,2,Tiësto
725,2008,3,Paul van Dyk
727,2008,4,Above & Beyond
729,2008,5,David Guetta
731,2008,6,Ferry Corsten
733,2008,7,Sasha
735,2008,8,Markus Schulz
737,2008,9,John Digweed
739,2008,10,Infected Mushroom
741,2008,11,Deadmau5
743,2008,12,Carl Cox
745,2008,13,Sander Van Doorn
747,2008,14,Paul Oakenfold
749,2008,15,Richie Hawtin
751,2008,16,Hernan Cattaneo
753,2008,17,James Zabiela
755,2008,18,Andy Moor
757,2008,19,Eddie Halliwell
759,2008,20,Axwell
761,2008,21,Eric Prydz
763,2008,22,Kyau & Albert
765,2008,23,Gareth Emery
767,2008,24,Sven Väth
769,2008,25,ATB
771,2008,26,Anderson Noise
773,2008,27,Joachim Garraud
775,2008,28,Bobina
777,2008,29,Fedde Le Grand
779,2008,30,Dubfire
781,2008,31,Aly & Fila
783,2008,32,Judge Jules
785,2008,33,Umek
787,2008,34,Matt Darey
789,2008,35,Ricky Stone
791,2008,36,Ricardo Villalobos
793,2008,37,Lange
795,2008,38,Daft Punk
797,2008,39,Benny Benassi
799,2008,40,Bob Sinclair
801,2008,41,Deep Dish
803,2008,42,Mark Knight
805,2008,43,Astrix
807,2008,44,Marco V
809,2008,45,The Thrillseekers
811,2008,46,Laidback Luke
813,2008,47,Danny Tenaglia
815,2008,48,Menno De Jong
817,2008,49,Marco Lenzi
819,2008,50,Andy C
821,2008,51,Offer Nissim
823,2008,52,Martin Solveig
825,2008,53,Adam Sheridan
827,2008,54,Sean Tyas
829,2008,55,DJ Feel
831,2008,56,Yahel
833,2008,57,Roger Sanchez
835,2008,58,DJ Shah
837,2008,59,Sander Kleinenberg
839,2008,60,John O'Callaghan
841,2008,61,Blank & Jones
843,2008,62,Cosmic Gate
845,2008,63,Steve Angello
847,2008,64,Simon Patterson
849,2008,65,Gabriel & Dresden
851,2008,66,Richard Durand
853,2008,67,Laurent Wolf
855,2008,68,Matt Hardwick
857,2008,69,Chris Liebing
859,2008,70,Erick Morillo
861,2008,71,DJ Hype
863,2008,72,Signum
865,2008,73,Justice
867,2008,74,Dirty South
869,2008,75,Wally Lopez
871,2008,76,Magda
873,2008,77,Lisa Lashes
875,2008,78,Pete Tong
877,2008,79,DJ Vibe
879,2008,80,Bad Boy Bill
881,2008,81,Tiddey
883,2008,82,Greg Downey
885,2008,83,Marcel Woods
887,2008,84,Nick Warren
889,2008,85,Solar System
891,2008,86,Skazi
893,2008,87,Mike Koglin
895,2008,88,Mauro Picotto
897,2008,89,Sébastien Léger
899,2008,90,The Chemical Brothers
901,2008,91,Steve Lawler
903,2008,92,Fatboy Slim
905,2008,93,Solarstone
907,2008,94,Astral Projection
909,2008,95,Leon Bolier
911,2008,96,Nic Fanciulli
913,2008,97,Ronski Speed
915,2008,98,Tocadisco
917,2008,99,Booka Shade
919,2008,100,Alex Morph & Woody Van Eyden
921,2009,1,Armin Van Buuren
923,2009,2,Tiësto
925,2009,3,David Guetta
927,2009,4,Above & Beyond
929,2009,5,Paul van Dyk
931,2009,6,Deadmau5
933,2009,7,Ferry Corsten
935,2009,8,Markus Schulz
937,2009,9,Gareth Emery
939,2009,10,Sander Van Doorn
941,2009,11,ATB
943,2009,12,Infected Mushroom
945,2009,13,Sasha
947,2009,14,Axwell
949,2009,15,Andy Moor
951,2009,16,Bobina
953,2009,17,John Digweed
955,2009,18,Carl Cox
957,2009,19,Cosmic Gate
959,2009,20,Steve Angello
961,2009,21,Roger Shah
963,2009,22,Aly & Fila
965,2009,23,Paul Oakenfold
967,2009,24,John O'Callaghan
969,2009,25,Sebastian Ingrosso
971,2009,26,Benny Benassi
973,2009,27,Laidback Luke
975,2009,28,Richie Hawtin
977,2009,29,Fedde Le Grand
979,2009,30,DJ Feel
981,2009,31,Lange
983,2009,32,Hernan Cattaneo
985,2009,33,Daft Punk
987,2009,34,Eric Prydz
989,2009,35,Bob Sinclair
991,2009,36,Joachim Garraud
993,2009,37,Kyau & Albert
995,2009,38,James Zabiela
997,2009,39,Umek
999,2009,40,Christopher Lawrence
1001,2009,41,Eddie Halliwell
1003,2009,42,Simon Patterson
1005,2009,43,Offer Nissim
1007,2009,44,Judge Jules
1009,2009,45,Sean Tyas
1011,2009,46,Dubfire
1013,2009,47,Martin Solveig
1015,2009,48,Sven Väth
1017,2009,49,Richard Durand
1019,2009,50,Marco V
1021,2009,51,Kaskade
1023,2009,52,tyDi
1025,2009,53,Erick Morillo
1027,2009,54,Matt Darey
1029,2009,55,Astrix
1031,2009,56,Menno De Jong
1033,2009,57,The Thrillseekers
1035,2009,58,Nick Warren
1037,2009,59,Dirty South
1039,2009,60,Roger Sanchez
1041,2009,61,Mark Knight
1043,2009,62,Wally Lopez
1045,2009,63,Leon Bolier
1047,2009,64,Blank & Jones
1049,2009,65,Justice
1051,2009,66,Laurent Wolf
1053,2009,67,Astral Projection
1055,2009,68,Boys Noize
1057,2009,69,Ronski Speed
1059,2009,70,Sander Kleinenberg
1061,2009,71,Ricardo Villalobos
1063,2009,72,Chuckie
1065,2009,73,Sharam
1067,2009,74,Marcel Woods
1069,2009,75,Lisa Lashes
1071,2009,76,Moonbeam
1073,2009,77,Rank 1
1075,2009,78,Sébastien Léger
1077,2009,79,Marcus Schossow
1079,2009,80,Steve Lawler
1081,2009,81,Skazi
1083,2009,82,Super8 & Tab
1085,2009,83,Pete Tong
1087,2009,84,Tocadisco
1089,2009,85,Sied Van Riel
1091,2009,86,Tiga
1093,2009,87,Daniel Kandi
1095,2009,88,Mike Koglin
1097,2009,89,Luciano
1099,2009,90,Yahel
1101,2009,91,Myon & Shane 54
1103,2009,92,John B
1105,2009,93,Simon Posford
1107,2009,94,Fatboy Slim
1109,2009,95,Robbie Rivera
1111,2009,96,Antoine Clamaran
1113,2009,97,Nic Fanciulli
1115,2009,98,Gui Boratto
1117,2009,99,Alex M.O.R.P.H.
1119,2009,100,Andy C
1121,2010,1,Armin Van Buuren
1123,2010,2,David Guetta
1125,2010,3,Tiësto
1127,2010,4,Deadmau5
1129,2010,5,Above & Beyond
1131,2010,6,Paul van Dyk
1133,2010,7,Gareth Emery
1135,2010,8,Markus Schulz
1137,2010,9,Ferry Corsten
1139,2010,10,Axwell
1141,2010,11,ATB
1143,2010,12,Sander Van Doorn
1145,2010,13,Infected Mushroom
1147,2010,14,Steve Angello
1149,2010,15,Dash Berlin
1151,2010,16,Sebastian Ingrosso
1153,2010,17,Laidback Luke
1155,2010,18,Judge Jules
1157,2010,19,Afrojack
1159,2010,20,Aly & Fila
1161,2010,21,Fedde Le Grand
1163,2010,22,Carl Cox
1165,2010,23,Swedish House Mafia
1167,2010,24,Cosmic Gate
1169,2010,25,Bobina
1171,2010,26,Benny Benassi
1173,2010,27,Sasha
1175,2010,28,Simon Patterson
1177,2010,29,John Digweed
1179,2010,30,Eric Prydz
1181,2010,31,Richie Hawtin
1183,2010,32,Andy Moor
1185,2010,33,John O'Callaghan
1187,2010,34,Roger Shah
1189,2010,35,Kaskade
1191,2010,36,Headhunterz
1193,2010,37,Chuckie
1195,2010,38,Bob Sinclair
1197,2010,39,Avicii
1199,2010,40,Kyau & Albert
1201,2010,41,DJ Feel
1203,2010,42,Moonbeam
1205,2010,43,Joachim Garraud
1207,2010,44,Daft Punk
1209,2010,45,Lange
1211,2010,46,Sean Tyas
1213,2010,47,Eddie Halliwell
1215,2010,48,Erick Morillo
1217,2010,49,James Zabiela
1219,2010,50,Umek
1221,2010,51,Paul Oakenfold
1223,2010,52,Matt Darey
1225,2010,53,Mark Knight
1227,2010,54,Richard Durand
1229,2010,55,Martin Solveig
1231,2010,56,tyDi
1233,2010,57,Hernan Cattaneo
1235,2010,58,Sven Väth
1237,2010,59,Astrix
1239,2010,60,Super8 & Tab
1241,2010,61,Andy C
1243,2010,62,Myon & Shane 54
1245,2010,63,Marcel Woods
1247,2010,64,Roger Sanchez
1249,2010,65,Wally Lopez
1251,2010,66,Mat Zo
1253,2010,67,Marco V
1255,2010,68,Leon Bolier
1257,2010,69,Ronski Speed
1259,2010,70,Wolfgang Gartner
1261,2010,71,W&W
1263,2010,72,Boys Noize
1265,2010,73,D-Block & S-te-Fan
1267,2010,74,Dubfire
1269,2010,75,Dirty South
1271,2010,76,John B
1273,2010,77,Daniel Kandi
1275,2010,78,Arty
1277,2010,79,BT
1279,2010,80,Boy George
1281,2010,81,Pete Tha Zouk
1283,2010,82,Fatboy Slim
1285,2010,83,Skazi
1287,2010,84,Paul Kalkbrenner
1289,2010,85,Pete Tong
1291,2010,86,Bloody Beetroots
1293,2010,87,Arnej
1295,2010,88,Joris Voorn
1297,2010,89,Dada Life
1299,2010,90,Noisecontrollers
1301,2010,91,Showtek
1303,2010,92,Laurent Wolf
1305,2010,93,Claudia Cazacu
1307,2010,94,Calvin Harris
1309,2010,95,Luciano
1311,2010,96,Marcus Schossow
1313,2010,97,Sied Van Riel
1315,2010,98,The Thrillseekers
1317,2010,99,Justice
1319,2010,100,DJ Vibe
1321,2011,1,David Guetta
1323,2011,2,Armin Van Buuren
1325,2011,3,Tiësto
1327,2011,4,Deadmau5
1329,2011,5,Above & Beyond
1331,2011,6,Avicii
1333,2011,7,Afrojack
1335,2011,8,Dash Berlin
1337,2011,9,Markus Schulz
1339,2011,10,Swedish House Mafia
1341,2011,11,Paul van Dyk
1343,2011,12,Axwell
1345,2011,13,Gareth Emery
1347,2011,14,Fedde Le Grand
1349,2011,15,ATB
1351,2011,16,Sander Van Doorn
1353,2011,17,Headhunterz
1355,2011,18,Ferry Corsten
1357,2011,19,Skrillex
1359,2011,20,Laidback Luke
1361,2011,21,Infected Mushroom
1363,2011,22,Aly & Fila
1365,2011,23,Steve Angello
1367,2011,24,Hardwell
1369,2011,25,Arty
1371,2011,26,Sebastian Ingrosso
1373,2011,27,Benny Benassi
1375,2011,28,Daft Punk
1377,2011,29,Martin Solveig
1379,2011,30,Kaskade
1381,2011,31,Carl Cox
1383,2011,32,Chuckie
1385,2011,33,Bob Sinclair
1387,2011,34,Calvin Harris
1389,2011,35,Noisecontrollers
1391,2011,36,W&W
1393,2011,37,Pete Tha Zouk
1395,2011,38,Dada Life
1397,2011,39,Angerfist
1399,2011,40,D-Block & S-te-Fan
1401,2011,41,Coone
1403,2011,42,Steve Aoki
1405,2011,43,Cosmic Gate
1407,2011,44,Bobina
1409,2011,45,Richie Hawtin
1411,2011,46,Eric Prydz
1413,2011,47,Zatox
1415,2011,48,tyDi
1417,2011,49,Orjan Nilsen
1419,2011,50,Andy Moor
1421,2011,51,Roger Shah
1423,2011,52,John O'Callaghan
1425,2011,53,Astrix
1427,2011,54,Erick Morillo
1429,2011,55,John Digweed
1431,2011,56,Wolfgang Gartner
1433,2011,57,DJ Feel
1435,2011,58,Showtek
1437,2011,59,Richard Durand
1439,2011,60,Umek
1441,2011,61,Skazi
1443,2011,62,Paul Kalkbrenner
1445,2011,63,Sasha
1447,2011,64,Eddie Halliwell
1449,2011,65,Moonbeam
1451,2011,66,Myon & Shane 54
1453,2011,67,Judge Jules
1455,2011,68,Matt Darey
1457,2011,69,Paul Oakenfold
1459,2011,70,Alesso
1461,2011,71,Mark Knight
1463,2011,72,Sean Tyas
1465,2011,73,Mat Zo
1467,2011,74,Lange
1469,2011,75,Joachim Garraud
1471,2011,76,Simon Patterson
1473,2011,77,Francis Davila
1475,2011,78,Psyko Punkz
1477,2011,79,Dimitri Vegas & Like Mike
1479,2011,80,Wildstylez
1481,2011,81,Roger Sanchez
1483,2011,82,Hernan Cattaneo
1485,2011,83,Tritonal
1487,2011,84,DJ Vibe
1489,2011,85,AN21
1491,2011,86,Bloody Beetroots
1493,2011,87,Felguk
1495,2011,88,Nero
1497,2011,89,Juanjo Martin
1499,2011,90,Boy George
1501,2011,91,Tenishia
1503,2011,92,Sidney Samson
1505,2011,93,Dirty South
1507,2011,94,James Zabiela
1509,2011,95,Marcel Woods
1511,2011,96,Porter Robinson
1513,2011,97,Sven Väth
1515,2011,98,Brennan Heart
1517,2011,99,Leon Bolier
1519,2011,100,Boys Noize
1521,2012,1,Armin Van Buuren
1523,2012,2,Tiësto
1525,2012,3,Avicii
1527,2012,4,David Guetta
1529,2012,5,Deadmau5
1531,2012,6,Hardwell
1533,2012,7,Dash Berlin
1535,2012,8,Above & Beyond
1537,2012,9,Afrojack
1539,2012,10,Skrillex
1541,2012,11,Headhunterz
1543,2012,12,Swedish House Mafia
1545,2012,13,Markus Schulz
1547,2012,14,Gareth Emery
1549,2012,15,Steve Aoki
1551,2012,16,Paul van Dyk
1553,2012,17,Nicky Romero
1555,2012,18,Sander Van Doorn
1557,2012,19,Aly & Fila
1559,2012,20,Alesso
1561,2012,21,ATB
1563,2012,22,Ferry Corsten
1565,2012,23,Axwell
1567,2012,24,Dada Life
1569,2012,25,W&W
1571,2012,26,Fedde Le Grand
1573,2012,27,Noisecontrollers
1575,2012,28,Arty
1577,2012,29,Laidback Luke
1579,2012,30,Kaskade
1581,2012,31,Calvin Harris
1583,2012,32,Orjan Nilsen
1585,2012,33,Knife Party
1587,2012,34,Sebastian Ingrosso
1589,2012,35,Chuckie
1591,2012,36,Zatox
1593,2012,37,Coone
1595,2012,38,Dimitri Vegas & Like Mike
1597,2012,39,Cosmic Gate
1599,2012,40,Porter Robinson
1601,2012,41,Wildstylez
1603,2012,42,Angerfist
1605,2012,43,Infected Mushroom
1607,2012,44,Daft Punk
1609,2012,45,Carl Cox
1611,2012,46,Nervo
1613,2012,47,Pete Tha Zouk
1615,2012,48,Martin Solveig
1617,2012,49,Brennan Heart
1619,2012,50,Tenishia
1621,2012,51,Zedd
1623,2012,52,Eric Prydz
1625,2012,53,Bobina
1627,2012,54,Madeon
1629,2012,55,John O'Callaghan
1631,2012,56,DJ Feel
1633,2012,57,Steve Angello
1635,2012,58,Omnia
1637,2012,59,Umek
1639,2012,60,Wolfgang Gartner
1641,2012,61,AN21
1643,2012,62,Tommy Trash
1645,2012,63,Francis Davila
1647,2012,64,D-Block & S-te-Fan
1649,2012,65,Tritonal
1651,2012,66,Bingo Players
1653,2012,67,Psyko Punkz
1655,2012,68,Shogun
1657,2012,69,Paul Oakenfold
1659,2012,70,Benny Benassi
1661,2012,71,tyDi
1663,2012,72,Mat Zo
1665,2012,73,R3hab
1667,2012,74,MOSIMANN
1669,2012,75,Wasted Penguinz
1671,2012,76,Dirty South
1673,2012,77,Andrew Rayel
1675,2012,78,Richie Hawtin
1677,2012,79,Frontliner
1679,2012,80,Myon & Shane 54
1681,2012,81,Heatbeat
1683,2012,82,Thomas Gold
1685,2012,83,Nero
1687,2012,84,Roger Shah
1689,2012,85,Feed Me
1691,2012,86,Mike Candys
1693,2012,87,Andy Moor
1695,2012,88,Ran-D
1697,2012,89,Richard Durand
1699,2012,90,Felguk
1701,2012,91,Paul Kalkbrenner
1703,2012,92,Moonbeam
1705,2012,93,Sean Tyas
1707,2012,94,Bob Sinclair
1709,2012,95,Netsky
1711,2012,96,Neelix
1713,2012,97,Mark Knight
1715,2012,98,John Digweed
1717,2012,99,Da Tweekaz
1719,2012,100,Project 46
1721,2013,1,Hardwell
1723,2013,2,Armin Van Buuren
1725,2013,3,Avicii
1727,2013,4,Tiësto
1729,2013,5,David Guetta
1731,2013,6,Dimitri Vegas & Like Mike
1733,2013,7,Nicky Romero
1735,2013,8,Steve Aoki
1737,2013,9,Afrojack
1739,2013,10,Dash Berlin
1741,2013,11,Skrillex
1743,2013,12,Deadmau5
1745,2013,13,Alesso
1747,2013,14,W&W
1749,2013,15,Calvin Harris
1751,2013,16,Nervo
1753,2013,17,Above & Beyond
1755,2013,18,Sebastian Ingrosso
1757,2013,19,Axwell
1759,2013,20,Aly & Fila
1761,2013,21,Markus Schulz
1763,2013,22,Daft Punk
1765,2013,23,Headhunterz
1767,2013,24,Zedd
1769,2013,25,Knife Party
1771,2013,26,Swedish House Mafia
1773,2013,27,Showtek
1775,2013,28,Andrew Rayel
1777,2013,29,Fedde Le Grand
1779,2013,30,Dyro
1781,2013,31,Laidback Luke
1783,2013,32,Paul van Dyk
1785,2013,33,ATB
1787,2013,34,Angerfist
1789,2013,35,Dada Life
1791,2013,36,Kaskade
1793,2013,37,Frontliner
1795,2013,38,Steve Angello
1797,2013,39,Sander Van Doorn
1799,2013,40,Martin Garrix
1801,2013,41,Porter Robinson
1803,2013,42,Ferry Corsten
1805,2013,43,Chuckie
1807,2013,44,Krewella
1809,2013,45,Coone
1811,2013,46,Carl Cox
1813,2013,47,Bobina
1815,2013,48,Omnia
1817,2013,49,Orjan Nilsen
1819,2013,50,Zatox
1821,2013,51,Gareth Emery
1823,2013,52,Bingo Players
1825,2013,53,Infected Mushroom
1827,2013,54,Eric Prydz
1829,2013,55,Tommy Trash
1831,2013,56,Wildstylez
1833,2013,57,Arty
1835,2013,58,R3hab
1837,2013,59,Madeon
1839,2013,60,Vicetone
1841,2013,61,Brennan Heart
1843,2013,62,DJ Feel
1845,2013,63,Gunz For Hire
1847,2013,64,Diplo
1849,2013,65,Tenishia
1851,2013,66,Noisecontrollers
1853,2013,67,Mike Candys
1855,2013,68,Antoine
1857,2013,69,MOSIMANN
1859,2013,70,Project 46
1861,2013,71,Blasterjaxx
1863,2013,72,D-Block & S-te-Fan
1865,2013,73,Dillon Francis
1867,2013,74,Dannic
1869,2013,75,Adaro
1871,2013,76,Richie Hawtin
1873,2013,77,Martin Solveig
1875,2013,78,Felguk
1877,2013,79,Myon & Shane 54
1879,2013,80,Cosmic Gate
1881,2013,81,Heatbeat
1883,2013,82,John O'Callaghan
1885,2013,83,Wasted Penguinz
1887,2013,84,Tiddey
1889,2013,85,Skazi
1891,2013,86,Da Tweekaz
1893,2013,87,Tenashar
1895,2013,88,Bob Sinclair
1897,2013,89,Benny Benassi
1899,2013,90,Stafford Brothers
1901,2013,91,Bl3nd
1903,2013,92,Paul Oakenfold
1905,2013,93,Mat Zo
1907,2013,94,Diego Miranda
1909,2013,95,DJs From Mars
1911,2013,96,Matt Darey
1913,2013,97,Umek
1915,2013,98,Solarstone
1917,2013,99,Ummet Ozcan
1919,2013,100,Ran-D
1921,2014,1,Hardwell
1923,2014,2,Dimitri Vegas & Like Mike
1925,2014,3,Armin Van Buuren
1927,2014,4,Martin Garrix
1929,2014,5,Tiësto
1931,2014,6,Avicii
1933,2014,7,David Guetta
1935,2014,8,Nicky Romero
1937,2014,9,Skrillex
1939,2014,10,Steve Aoki
1941,2014,11,Calvin Harris
1943,2014,12,Afrojack
1945,2014,13,Blasterjaxx
1947,2014,14,Dash Berlin
1949,2014,15,Alesso
1951,2014,16,Deadmau5
1953,2014,17,Showtek
1955,2014,18,W&W
1957,2014,19,Deorro
1959,2014,20,DVBBS
1961,2014,21,Nervo
1963,2014,22,Zedd
1965,2014,23,R3hab
1967,2014,24,Andrew Rayel
1969,2014,25,Above & Beyond
1971,2014,26,Steve Angello
1973,2014,27,Dyro
1975,2014,28,Aly & Fila
1977,2014,29,Axwell
1979,2014,30,Dannic
1981,2014,31,Ummet Ozcan
1983,2014,32,Diplo
1985,2014,33,Krewella
1987,2014,34,Oliver Heldens
1989,2014,35,Fedde Le Grand
1991,2014,36,Vicetone
1993,2014,37,Angerfist
1995,2014,38,Paul van Dyk
1997,2014,39,Sebastian Ingrosso
1999,2014,40,Headhunterz
2001,2014,41,Borgore
2003,2014,42,Kura
2005,2014,43,Daft Punk
2007,2014,44,Markus Schulz
2009,2014,45,Frontliner
2011,2014,46,Kaskade
2013,2014,47,Brennan Heart
2015,2014,48,Coone
2017,2014,49,Infected Mushroom
2019,2014,50,Laidback Luke
2021,2014,51,Sander Van Doorn
2023,2014,52,Dada Life
2025,2014,53,Knife Party
2027,2014,54,Dillon Francis
2029,2014,55,Yves V
2031,2014,56,Firebeatz
2033,2014,57,Porter Robinson
2035,2014,58,ATB
2037,2014,59,Carl Cox
2039,2014,60,Eric Prydz
2041,2014,61,Gabry Ponte
2043,2014,62,VINAI
2045,2014,63,MAKJ
2047,2014,64,Radical Redemption
2049,2014,65,DJ Snake
2051,2014,66,Da Tweekaz
2053,2014,67,Noisecontrollers
2055,2014,68,Carnage
2057,2014,69,Cosmic Gate
2059,2014,70,Diego Miranda
2061,2014,71,Zatox
2063,2014,72,MOSIMANN
2065,2014,73,Tenishia
2067,2014,74,Gareth Emery
2069,2014,75,Umek
2071,2014,76,Tiddey
2073,2014,77,Zomboy
2075,2014,78,Bl3nd
2077,2014,79,Orjan Nilsen
2079,2014,80,TJR
2081,2014,81,3lau
2083,2014,82,Don Diablo
2085,2014,83,Madeon
2087,2014,84,Wolfpack
2089,2014,85,Mike Candys
2091,2014,86,Quintino
2093,2014,87,Borgeous
2095,2014,88,Audien
2097,2014,89,Boy George
2099,2014,90,Richie Hawtin
2101,2014,91,Ferry Corsten
2103,2014,92,Code Black
2105,2014,93,Heatbeat
2107,2014,94,Merk & Kremont
2109,2014,95,Wildstylez
2111,2014,96,Bingo Players
2113,2014,97,The Chainsmokers
2115,2014,98,John O'Callaghan
2117,2014,99,Arty
2119,2014,100,Felguk
2121,2015,1,Dimitri Vegas & Like Mike
2123,2015,2,Hardwell
2125,2015,3,Martin Garrix
2127,2015,4,Armin Van Buuren
2129,2015,5,Tiësto
2131,2015,6,David Guetta
2133,2015,7,Avicii
2135,2015,8,Afrojack
2137,2015,9,Skrillex
2139,2015,10,Steve Aoki
2141,2015,11,Calvin Harris
2143,2015,12,Oliver Heldens
2145,2015,13,Alesso
2147,2015,14,W&W
2149,2015,15,Dash Berlin
2151,2015,16,DVBBS
2153,2015,17,Axwell Λ Ingrosso
2155,2015,18,Nicky Romero
2157,2015,19,Blasterjaxx
2159,2015,20,Diplo
2161,2015,21,R3hab
2163,2015,22,Zedd
2165,2015,23,KSHMR
2167,2015,24,Nervo
2169,2015,25,Deadmau5
2171,2015,26,Dannic
2173,2015,27,Dyro
2175,2015,28,Deorro
2177,2015,29,Above & Beyond
2179,2015,30,Don Diablo
2181,2015,31,Steve Angello
2183,2015,32,DJ Snake
2185,2015,33,Kygo
2187,2015,34,Yves V
2189,2015,35,Fedde Le Grand
2191,2015,36,Ummet Ozcan
2193,2015,37,Showtek
2195,2015,38,Angerfist
2197,2015,39,Bassjackers
2199,2015,40,Andrew Rayel
2201,2015,41,Paul van Dyk
2203,2015,42,Aly & Fila
2205,2015,43,VINAI
2207,2015,44,Alok
2209,2015,45,Jack U
2211,2015,46,Tom Swoon
2213,2015,47,Shogun
2215,2015,48,Headhunterz
2217,2015,49,Coone
2219,2015,50,Vicetone
2221,2015,51,Richie Hawtin
2223,2015,52,Wolfpack
2225,2015,53,Brennan Heart
2227,2015,54,Major Lazer
2229,2015,55,Porter Robinson
2231,2015,56,Markus Schulz
2233,2015,57,Eric Prydz
2235,2015,58,Diego Miranda
2237,2015,59,DJ Chetas
2239,2015,60,Danny Avila
2241,2015,61,Kura
2243,2015,62,tchami
2245,2015,63,Carl Cox
2247,2015,64,Laidback Luke
2249,2015,65,Disclosure
2251,2015,66,Firebeatz
2253,2015,67,Dillon Francis
2255,2015,68,Borgore
2257,2015,69,Daft Punk
2259,2015,70,Umek
2261,2015,71,Tenishia
2263,2015,72,Radical Redemption
2265,2015,73,Frontliner
2267,2015,74,Borgeous
2269,2015,75,Netsky
2271,2015,76,Yellow Claw
2273,2015,77,Chuckie
2275,2015,78,Will Sparks
2277,2015,79,Da Tweekaz
2279,2015,80,Quintino
2281,2015,81,Krewella
2283,2015,82,ATB
2285,2015,83,MAKJ
2287,2015,84,Kaskade
2289,2015,85,Ferry Corsten
2291,2015,86,Flux Pavilion
2293,2015,87,Zatox
2295,2015,88,Carnage
2297,2015,89,Robin Schulz
2299,2015,90,Sander Van Doorn
2301,2015,91,MaRLo
2303,2015,92,Andy C
2305,2015,93,MOSIMANN
2307,2015,94,Miss K8
2309,2015,95,Tujamo
2311,2015,96,Mike Candys
2313,2015,97,Swanky Tunes
2315,2015,98,Galantis
2317,2015,99,Cosmic Gate
2319,2015,100,Knife Party
2321,2016,1,Martin Garrix
2323,2016,2,Dimitri Vegas & Like Mike
2325,2016,3,Hardwell
2327,2016,4,Armin Van Buuren
2329,2016,5,Tiësto
2331,2016,6,David Guetta
2333,2016,7,Steve Aoki
2335,2016,8,Oliver Heldens
2337,2016,9,Skrillex
2339,2016,10,Afrojack
2341,2016,11,Avicii
2343,2016,12,KSHMR
2345,2016,13,W&W
2347,2016,14,Calvin Harris
2349,2016,15,Don Diablo
2351,2016,16,Axwell Λ Ingrosso
2353,2016,17,Dash Berlin
2355,2016,18,The Chainsmokers
2357,2016,19,Ummet Ozcan
2359,2016,20,Alesso
2361,2016,21,R3hab
2363,2016,22,DJ Snake
2365,2016,23,Diplo
2367,2016,24,DVBBS
2369,2016,25,Alok
2371,2016,26,Kygo
2373,2016,27,Swanky Tunes
2375,2016,28,Marshmello
2377,2016,29,Nicky Romero
2379,2016,30,Steve Angello
2381,2016,31,Deadmau5
2383,2016,32,Quintino
2385,2016,33,DJ Chetas
2387,2016,34,Bassjackers
2389,2016,35,Zedd
2391,2016,36,Headhunterz
2393,2016,37,VINAI
2395,2016,38,Florian Picasso
2397,2016,39,Galantis
2399,2016,40,Jack U
2401,2016,41,Aly & Fila
2403,2016,42,Shogun
2405,2016,43,Blasterjaxx
2407,2016,44,Major Lazer
2409,2016,45,Nervo
2411,2016,46,Angerfist
2413,2016,47,Above & Beyond
2415,2016,48,Yellow Claw
2417,2016,49,MaRLo
2419,2016,50,Fedde Le Grand
2421,2016,51,Kura
2423,2016,52,Lost Stories
2425,2016,53,Deorro
2427,2016,54,Vintage Culture
2429,2016,55,Alan Walker
2431,2016,56,Tom Swoon
2433,2016,57,Coone
2435,2016,58,Diego Miranda
2437,2016,59,Brennan Heart
2439,2016,60,Paul van Dyk
2441,2016,61,ATB
2443,2016,62,Yves V
2445,2016,63,Wolfpack
2447,2016,64,Dillon Francis
2449,2016,65,Andrew Rayel
2451,2016,66,Eric Prydz
2453,2016,67,Felguk
2455,2016,68,Radical Redemption
2457,2016,69,Robin Schulz
2459,2016,70,Dannic
2461,2016,71,Da Tweekaz
2463,2016,72,Daft Punk
2465,2016,73,Will Sparks
2467,2016,74,Carl Cox
2469,2016,75,Timmy Trumpet
2471,2016,76,Borgore
2473,2016,77,Firebeatz
2475,2016,78,Tujamo
2477,2016,79,Laidback Luke
2479,2016,80,Markus Schulz
2481,2016,81,Vicetone
2483,2016,82,Martin Jensen
2485,2016,83,Jauz
2487,2016,84,Carnage
2489,2016,85,Netsky
2491,2016,86,Carl Nunes
2493,2016,87,Sam Feldt
2495,2016,88,Miss K8
2497,2016,89,Jay Hardway
2499,2016,90,Porter Robinson
2501,2016,91,Bobina
2503,2016,92,Zatox
2505,2016,93,Dyro
2507,2016,94,Flume
2509,2016,95,Infected Mushroom
2511,2016,96,Showtek
2513,2016,97,Daddy's Groove
2515,2016,98,Martin Solveig
2517,2016,99,Ferry Corsten
2519,2016,100,DJ Feel
2521,2017,1,Martin Garrix
2523,2017,2,Dimitri Vegas & Like Mike
2525,2017,3,Armin Van Buuren
2527,2017,4,Hardwell
2529,2017,5,Tiësto
2531,2017,6,The Chainsmokers
2533,2017,7,David Guetta
2535,2017,8,Afrojack
2537,2017,9,Steve Aoki
2539,2017,10,Marshmello
2541,2017,11,Don Diablo
2543,2017,12,KSHMR
2545,2017,13,Oliver Heldens
2547,2017,14,W&W
2549,2017,15,Calvin Harris
2551,2017,16,Skrillex
2553,2017,17,Alan Walker
2555,2017,18,R3hab
2557,2017,19,Alok
2559,2017,20,Dash Berlin
2561,2017,21,Axwell Λ Ingrosso
2563,2017,22,DVBBS
2565,2017,23,DJ Snake
2567,2017,24,Kygo
2569,2017,25,Diplo
2571,2017,26,Lost Frequencies
2573,2017,27,Above & Beyond
2575,2017,28,Avicii
2577,2017,29,Zedd
2579,2017,30,Quintino
2581,2017,31,Vintage Culture
2583,2017,32,VINAI
2585,2017,33,Headhunterz
2587,2017,34,Eric Prydz
2589,2017,35,Bassjackers
2591,2017,36,Blasterjaxx
2593,2017,37,Alesso
2595,2017,38,Ummet Ozcan
2597,2017,39,Fedde Le Grand
2599,2017,40,Angerfist
2601,2017,41,Wolfpack
2603,2017,42,Nervo
2605,2017,43,Timmy Trumpet
2607,2017,44,Radical Redemption
2609,2017,45,Major Lazer
2611,2017,46,Tujamo
2613,2017,47,Tom Swoon
2615,2017,48,Kura
2617,2017,49,Deadmau5
2619,2017,50,Nicky Romero
2621,2017,51,Paul van Dyk
2623,2017,52,Danny Avila
2625,2017,53,Aly & Fila
2627,2017,54,ATB
2629,2017,55,Yves V
2631,2017,56,Diego Miranda
2633,2017,57,Yellow Claw
2635,2017,58,Miss K8
2637,2017,59,Brennan Heart
2639,2017,60,Mike Williams
2641,2017,61,Dannic
2643,2017,62,Carl Cox
2645,2017,63,Carl Nunes
2647,2017,64,Lucas & Steve
2649,2017,65,Warface
2651,2017,66,Galantis
2653,2017,67,Da Tweekaz
2655,2017,68,Jay Hardway
2657,2017,69,Claptone
2659,2017,70,Martin Jensen
2661,2017,71,Florian Picasso
2663,2017,72,Vini Vici
2665,2017,73,Jauz
2667,2017,74,Cat Dealers
2669,2017,75,Sam Feldt
2671,2017,76,Robin Schulz
2673,2017,77,Andy C
2675,2017,78,Carnage
2677,2017,79,Andrew Rayel
2679,2017,80,Richie Hawtin
2681,2017,81,Solomun
2683,2017,82,Steve Angello
2685,2017,83,Will Sparks
2687,2017,84,Mariana Bo
2689,2017,85,Black Coffee
2691,2017,86,Dillon Francis
2693,2017,87,Flume
2695,2017,88,Shogun
2697,2017,89,Alison Wonderland
2699,2017,90,Ferry Corsten
2701,2017,91,Maceo Plex
2703,2017,92,Carta
2705,2017,93,MOSIMANN
2707,2017,94,Julian Jordan
2709,2017,95,tchami
2711,2017,96,Porter Robinson
2713,2017,97,Paul Kalkbrenner
2715,2017,98,DJ L
2717,2017,99,Swanky Tunes
2719,2017,100,Disclosure
2721,2018,1,Martin Garrix
2723,2018,2,Dimitri Vegas & Like Mike
2725,2018,3,Hardwell
2727,2018,4,Armin Van Buuren
2729,2018,5,David Guetta
2731,2018,6,Tiësto
2733,2018,7,Don Diablo
2735,2018,8,Afrojack
2737,2018,9,Oliver Heldens
2739,2018,10,Marshmello
2741,2018,11,Steve Aoki
2743,2018,12,R3hab
2745,2018,13,Alok
2747,2018,14,W&W
2749,2018,15,Avicii
2751,2018,16,DVBBS
2753,2018,17,Lost Frequencies
2755,2018,18,KSHMR
2757,2018,19,Vintage Culture
2759,2018,20,Eric Prydz
2761,2018,21,Skrillex
2763,2018,22,Fedde Le Grand
2765,2018,23,Ummet Ozcan
2767,2018,24,DJ Snake
2769,2018,25,Quintino
2771,2018,26,VINAI
2773,2018,27,Nervo
2775,2018,28,Headhunterz
2777,2018,29,Angerfist
2779,2018,30,Bassjackers
2781,2018,31,The Chainsmokers
2783,2018,32,Kygo
2785,2018,33,Timmy Trumpet
2787,2018,34,Vini Vici
2789,2018,35,Wolfpack
2791,2018,36,Alan Walker
2793,2018,37,Blasterjaxx
2795,2018,38,Danny Avila
2797,2018,39,Kura
2799,2018,40,Calvin Harris
2801,2018,41,Axwell Λ Ingrosso
2803,2018,42,Diplo
2805,2018,43,Nicky Romero
2807,2018,44,Zedd
2809,2018,45,Alesso
2811,2018,46,Tujamo
2813,2018,47,Yellow Claw
2815,2018,48,Cat Dealers
2817,2018,49,ATB
2819,2018,50,Diego Miranda
2821,2018,51,Above & Beyond
2823,2018,52,Jeffrey Sutorius
2825,2018,53,Carl Cox
2827,2018,54,Martin Jensen
2829,2018,55,Paul van Dyk
2831,2018,56,Will Sparks
2833,2018,57,Claptone
2835,2018,58,Steve Angello
2837,2018,59,Deadmau5
2839,2018,60,Robin Schulz
2841,2018,61,Richie Hawtin
2843,2018,62,Florian Picasso
2845,2018,63,Swedish House Mafia
2847,2018,64,Jay Hardway
2849,2018,65,Miss K8
2851,2018,66,Mike Williams
2853,2018,67,Andrew Rayel
2855,2018,68,Mariana Bo
2857,2018,69,Radical Redemption
2859,2018,70,Brennan Heart
2861,2018,71,Swanky Tunes
2863,2018,72,MATTN
2865,2018,73,Carta
2867,2018,74,Aly & Fila
2869,2018,75,Ferry Corsten
2871,2018,76,Da Tweekaz
2873,2018,77,Breathe Carolina
2875,2018,78,Deniz Koyu
2877,2018,79,Adam Beyer
2879,2018,80,Daddy's Groove
2881,2018,81,Mosimann
2883,2018,82,tchami
2885,2018,83,NGHTMRE
2887,2018,84,DJ L
2889,2018,85,Wildstylez
2891,2018,86,Marco Carola
2893,2018,87,Cedric Gervais
2895,2018,88,MaRLo
2897,2018,89,Deorro
2899,2018,90,Andy C
2901,2018,91,Solomun
2903,2018,92,Lucas & Steve
2905,2018,93,Markus Schulz
2907,2018,94,Bobina
2909,2018,95,Paul Kalkbrenner
2911,2018,96,Alison Wonderland
2913,2018,97,Nina Kraviz
2915,2018,98,Rave Republic
2917,2018,99,Carl Nunes
2919,2018,100,SLANDER
2921,2019,1,Dimitri Vegas & Like Mike
2923,2019,2,Martin Garrix
2925,2019,3,David Guetta
2927,2019,4,Armin Van Buuren
2929,2019,5,Marshmello
2931,2019,6,Don Diablo
2933,2019,7,Oliver Heldens
2935,2019,8,Tiësto
2937,2019,9,Afrojack
2939,2019,10,Steve Aoki
2941,2019,11,Alok
2943,2019,12,Hardwell
2945,2019,13,Timmy Trumpet
2947,2019,14,R3hab
2949,2019,15,KSHMR
2951,2019,16,DJ Snake
2953,2019,17,Eric Prydz
2955,2019,18,W&W
2957,2019,19,Calvin Harris
2959,2019,20,Lost Frequencies
2961,2019,21,Skrillex
2963,2019,22,Above & Beyond
2965,2019,23,DVBBS
2967,2019,24,Nervo
2969,2019,25,Quintino
2971,2019,26,The Chainsmokers
2973,2019,27,Alan Walker
2975,2019,28,VINAI
2977,2019,29,Headhunterz
2979,2019,30,Fedde Le Grand
2981,2019,31,Vini Vici
2983,2019,32,Ummet Ozcan
2985,2019,33,Angerfist
2987,2019,34,Bassjackers
2989,2019,35,Carl Cox
2991,2019,36,Blasterjaxx
2993,2019,37,Nicky Romero
2995,2019,38,Wolfpack
2997,2019,39,ATB
2999,2019,40,Kura
3001,2019,41,Danny Avila
3003,2019,42,Swedish House Mafia
3005,2019,43,Tujamo
3007,2019,44,Alison Wonderland
3009,2019,45,Martin Jensen
3011,2019,46,Cat Dealers
3013,2019,47,Vintage Culture
3015,2019,48,Adam Beyer
3017,2019,49,Mariana Bo
3019,2019,50,Zedd
3021,2019,51,MATTN
3023,2019,52,Kygo
3025,2019,53,Claptone
3027,2019,54,Mike Williams
3029,2019,55,Diego Miranda
3031,2019,56,Yves V
3033,2019,57,Will Sparks
3035,2019,58,Steve Angello
3037,2019,59,Ferry Corsten
3039,2019,60,Nina Kraviz
3041,2019,61,Alesso
3043,2019,62,Breathe Carolina
3045,2019,63,FISHER
3047,2019,64,Illenium
3049,2019,65,Deorro
3051,2019,66,Richie Hawtin
3053,2019,67,Diplo
3055,2019,68,Da Tweekaz
3057,2019,69,Miss K8
3059,2019,70,3 Are Legend
3061,2019,71,Deadmau5
3063,2019,72,Carta
3065,2019,73,Carl Nunes
3067,2019,74,Charlotte de Witte
3069,2019,75,Warface
3071,2019,76,Cedric Gervais
3073,2019,77,Yellow Claw
3075,2019,78,Lucas & Steve
3077,2019,79,Andy C
3079,2019,80,Peggy Gou
3081,2019,81,Deniz Koyu
3083,2019,82,Robin Schulz
3085,2019,83,Vicetone
3087,2019,84,Tom & Collins
3089,2019,85,Boris Brejcha
3091,2019,86,Marco Carola
3093,2019,87,Paul van Dyk
3095,2019,88,Solardo
3097,2019,89,Thomas Gold
3099,2019,90,Black Coffee
3101,2019,91,Paul Kalkbrenner
3103,2019,92,Daddy's Groove
3105,2019,93,Julian Jordan
3107,2019,94,Rave Republic
3109,2019,95,Sub Zero Project
3111,2019,96,D.O.D
3113,2019,97,Henri PFR
3115,2019,98,Florian Picasso
3117,2019,99,Swanky Tunes
3119,2019,100,Solomun
3121,2020,1,David Guetta
3123,2020,2,Dimitri Vegas & Like Mike
3125,2020,3,Martin Garrix
3127,2020,4,Armin Van Buuren
3129,2020,5,Alok
3131,2020,6,Don Diablo
3133,2020,7,Afrojack
3135,2020,8,Oliver Heldens
3137,2020,9,Steve Aoki
3139,2020,10,Timmy Trumpet
3141,2020,11,Marshmello
3143,2020,12,KSHMR
3145,2020,13,R3hab
3147,2020,14,W&W
3149,2020,15,Skrillex
3151,2020,16,Tiësto
3153,2020,17,Hardwell
3155,2020,18,Calvin Harris
3157,2020,19,Above & Beyond
3159,2020,20,Nervo
3161,2020,21,Lost Frequencies
3163,2020,22,Eric Prydz
3165,2020,23,Fedde Le Grand
3167,2020,24,Vini Vici
3169,2020,25,DJ Snake
3171,2020,26,Alan Walker
3173,2020,27,The Chainsmokers
3175,2020,28,Kygo
3177,2020,29,Bassjackers
3179,2020,30,Vintage Culture
3181,2020,31,Nicky Romero
3183,2020,32,Charlotte de Witte
3185,2020,33,Quintino
3187,2020,34,Carl Cox
3189,2020,35,Zedd
3191,2020,36,Angerfist
3193,2020,37,Diplo
3195,2020,38,Danny Avila
3197,2020,39,VINAI
3199,2020,40,Tujamo
3201,2020,41,Claptone
3203,2020,42,MATTN
3205,2020,43,Illenium
3207,2020,44,Mariana Bo
3209,2020,45,Alesso
3211,2020,46,Headhunterz
3213,2020,47,Alison Wonderland
3215,2020,48,Adam Beyer
3217,2020,49,Wolfpack
3219,2020,50,Paul van Dyk
3221,2020,51,Diego Miranda
3223,2020,52,Cat Dealers
3225,2020,53,Ferry Corsten
3227,2020,54,Miss K8
3229,2020,55,DVBBS
3231,2020,56,ATB
3233,2020,57,REZZ
3235,2020,58,Will Sparks
3237,2020,59,Amelie Lens
3239,2020,60,Boris Brejcha
3241,2020,61,Carta
3243,2020,62,3 Are Legend
3245,2020,63,Breathe Carolina
3247,2020,64,Deadmau5
3249,2020,65,Ummet Ozcan
3251,2020,66,Nina Kraviz
3253,2020,67,Yellow Claw
3255,2020,68,Jamie Jones
3257,2020,69,Peggy Gou
3259,2020,70,Blasterjaxx
3261,2020,71,Julian Jordan
3263,2020,72,Deniz Koyu
3265,2020,73,Nora En Pure
3267,2020,74,Kura
3269,2020,75,Florian Picasso
3271,2020,76,TBC - marek
3273,2020,77,Tom & Collins
3275,2020,78,Brennan Heart
3277,2020,79,Mr Pig
3279,2020,80,Radical Redemption
3281,2020,81,Rave Republic
3283,2020,82,Pink Panda
3285,2020,83,D.O.D
3287,2020,84,Swedish House Mafia
3289,2020,85,Plastik Funk
3291,2020,86,Green Velvet
3293,2020,87,Sunnery James & Ryan Marciano
3295,2020,88,Aryue
3297,2020,89,Burak Yeter
3299,2020,90,Mike Williams
3301,2020,91,Black Coffee
3303,2020,92,Tungevaag
3305,2020,93,Deborah De Luca
3307,2020,94,Mike Perry
3309,2020,95,ANNA
3311,2020,96,Dimitri Vangelis & Wyman
3313,2020,97,Blastoyz
3315,2020,98,22Bullets
3317,2020,99,Robin Schulz
3319,2020,100,Marco Carola
3321,2021,1,David Guetta
3323,2021,2,Martin Garrix
3325,2021,3,Armin Van Buuren
3327,2021,4,Alok
3329,2021,5,Dimitri Vegas & Like Mike
3331,2021,6,Afrojack
3333,2021,7,Don Diablo
3335,2021,8,Oliver Heldens
3337,2021,9,Timmy Trumpet
3339,2021,10,Steve Aoki
3341,2021,11,KSHMR
3343,2021,12,R3hab
3345,2021,13,Marshmello
3347,2021,14,W&W
3349,2021,15,Tiësto
3351,2021,16,Calvin Harris
3353,2021,17,Vintage Culture
3355,2021,18,Nervo
3357,2021,19,Fedde Le Grand
3359,2021,20,Vini Vici
3361,2021,21,Above & Beyond
3363,2021,22,Alan Walker
3365,2021,23,Charlotte de Witte
3367,2021,24,Skrillex
3369,2021,25,Lost Frequencies
3371,2021,26,Nicky Romero
3373,2021,27,Carl Cox
3375,2021,28,Bassjackers
3377,2021,29,The Chainsmokers
3379,2021,30,Quintino
3381,2021,31,Eric Prydz
3383,2021,32,Claptone
3385,2021,33,DJ Snake
3387,2021,34,Danny Avila
3389,2021,35,ATB
3391,2021,36,Tujamo
3393,2021,37,GORDO
3395,2021,38,Peggy Gou
3397,2021,39,MORTEN
3399,2021,40,Mariana Bo
3401,2021,41,Paul van Dyk
3403,2021,42,Boris Brejcha
3405,2021,43,Ummet Ozcan
3407,2021,44,Amelie Lens
3409,2021,45,REZZ
3411,2021,46,Angerfist
3413,2021,47,Diego Miranda
3415,2021,48,Kygo
3417,2021,49,Alison Wonderland
3419,2021,50,Jamie Jones
3421,2021,51,VINAI
3423,2021,52,Deadmau5
3425,2021,53,Miss K8
3427,2021,54,Nina Kraviz
3429,2021,55,Beauz
3431,2021,56,Will Sparks
3433,2021,57,Ferry Corsten
3435,2021,58,Adam Beyer
3437,2021,59,Nora En Pure
3439,2021,60,Carta
3441,2021,61,Blasterjaxx
3443,2021,62,Breathe Carolina
3445,2021,63,Alesso
3447,2021,64,Zedd
3449,2021,65,Pink Panda
3451,2021,66,Julian Jordan
3453,2021,67,MATTN
3455,2021,68,Black Coffee
3457,2021,69,Panta Q
3459,2021,70,Mike Williams
3461,2021,71,Deniz Koyu
3463,2021,72,Naeleck
3465,2021,73,Brennan Heart
3467,2021,74,Kura
3469,2021,75,Tom & Collins
3471,2021,76,Mr Pig
3473,2021,77,FISHER
3475,2021,78,Virtual Riot
3477,2021,79,D.O.D
3479,2021,80,Plastik Funk
3481,2021,81,Green Velvet
3483,2021,82,Burak Yeter
3485,2021,83,KAAZE
3487,2021,84,Aryue
3489,2021,85,Cat Dealers
3491,2021,86,Rave Republic
3493,2021,87,Sunnery James & Ryan Marciano
3495,2021,88,MaRLo
3497,2021,89,Tungevaag
3499,2021,90,Giftback
3501,2021,91,Christina Novelli
3503,2021,92,22Bullets
3505,2021,93,KAKA
3507,2021,94,Blastoyz
3509,2021,95,Florian Picasso
3511,2021,96,Luminn
3513,2021,97,Alexso
3515,2021,98,Daddy’s Groove
3517,2021,99,Dexter King
3519,2021,100,VIZE
3521,2022,1,Martin Garrix
3523,2022,2,David Guetta
3525,2022,3,Dimitri Vegas & Like Mike
3527,2022,4,Alok
3529,2022,5,Armin Van Buuren
3531,2022,6,Afrojack
3533,2022,7,Steve Aoki
3535,2022,8,Timmy Trumpet
3537,2022,9,Don Diablo
3539,2022,10,Oliver Heldens
3541,2022,11,Vintage Culture
3543,2022,12,KSHMR
3545,2022,13,R3hab
3547,2022,14,Charlotte de Witte
3549,2022,15,Tiësto
3551,2022,16,Calvin Harris
3553,2022,17,Alan Walker
3555,2022,18,W&W
3557,2022,19,Fedde Le Grand
3559,2022,20,Nicky Romero
3561,2022,21,Vini Vici
3563,2022,22,Carl Cox
3565,2022,23,Skrillex
3567,2022,24,Peggy Gou
3569,2022,25,GORDO
3571,2022,26,Marshmello
3573,2022,27,Bassjackers
3575,2022,28,Lost Frequencies
3577,2022,29,Eric Prydz
3579,2022,30,Above & Beyond
3581,2022,31,Claptone
3583,2022,32,Jamie Jones
3585,2022,33,Quintino
3587,2022,34,Mariana Bo
3589,2022,35,Tujamo
3591,2022,36,Danny Avila
3593,2022,37,Amelie Lens
3595,2022,38,Paul van Dyk
3597,2022,39,Black Coffee
3599,2022,40,Nervo
3601,2022,41,Ummet Ozcan
3603,2022,42,ATB
3605,2022,43,Hardwell
3607,2022,44,DJ Snake
3609,2022,45,VINAI
3611,2022,46,The Chainsmokers
3613,2022,47,Alison Wonderland
3615,2022,48,FISHER
3617,2022,49,Reinier Zonneveld
3619,2022,50,Deborah De Luca
3621,2022,51,Adam Beyer
3623,2022,52,Blasterjaxx
3625,2022,53,Beauz
3627,2022,54,Diego Miranda
3629,2022,55,REZZ
3631,2022,56,MORTEN
3633,2022,57,Nora En Pure
3635,2022,58,Zedd
3637,2022,59,Carta
3639,2022,60,Julian Jordan
3641,2022,61,Boris Brejcha
3643,2022,62,Will Sparks
3645,2022,63,Angerfist
3647,2022,64,Alesso
3649,2022,65,Deadmau5
3651,2022,66,Cat Dealers
3653,2022,67,Joel Corry
3655,2022,68,Brennan Heart
3657,2022,69,Topic
3659,2022,70,KAAZE
3661,2022,71,Tom & Collins
3663,2022,72,Plastik Funk
3665,2022,73,Kura
3667,2022,74,Naeleck
3669,2022,75,Pink Panda
3671,2022,76,Burak Yeter
3673,2022,77,Swedish House Mafia
3675,2022,78,MATTN
3677,2022,79,Breathe Carolina
3679,2022,80,Ofenbach
3681,2022,81,Tungevaag
3683,2022,82,Green Velvet
3685,2022,83,22Bullets
3687,2022,84,Lucas & Steve
3689,2022,85,Mr Pig
3691,2022,86,Aryue
3693,2022,87,Ferry Corsten
3695,2022,88,Solomun
3697,2022,89,Miss K8
3699,2022,90,Honey Dijon
3701,2022,91,Acraze
3703,2022,92,Le Twins
3705,2022,93,Dubdogz
3707,2022,94,Rave Republic
3709,2022,95,KAKA
3711,2022,96,Sunnery James & Ryan Marciano
3713,2022,97,Maya Jane Coles
3715,2022,98,Jay Hardway
3717,2022,99,Cuebrick
3719,2022,100,The Martinez Brothers
3721,2023,1,David Guetta
3723,2023,2,Dimitri Vegas & Like Mike
3725,2023,3,Martin Garrix
3727,2023,4,Alok
3729,2023,5,Armin Van Buuren
3731,2023,6,Timmy Trumpet
3733,2023,7,Afrojack
3735,2023,8,Steve Aoki
3737,2023,9,Peggy Gou
3739,2023,10,Vintage Culture
3741,2023,11,Alan Walker
3743,2023,12,Calvin Harris
3745,2023,13,Don Diablo
3747,2023,14,R3hab
3749,2023,15,KSHMR
3751,2023,16,W&W
3753,2023,17,Skrillex
3755,2023,18,Charlotte de Witte
3757,2023,19,Oliver Heldens
3759,2023,20,FISHER
3761,2023,21,GORDO
3763,2023,22,Lost Frequencies
3765,2023,23,Tiësto
3767,2023,24,Nicky Romero
3769,2023,25,Black Coffee
3771,2023,26,Carl Cox
3773,2023,27,Reinier Zonneveld
3775,2023,28,Vini Vici
3777,2023,29,Quintino
3779,2023,30,Amelie Lens
3781,2023,31,Bassjackers
3783,2023,32,Claptone
3785,2023,33,Fedde Le Grand
3787,2023,34,Fred Again..
3789,2023,35,Marshmello
3791,2023,36,Jamie Jones
3793,2023,37,Hardwell
3795,2023,38,DJ Snake
3797,2023,39,Eric Prydz
3799,2023,40,Above & Beyond
3801,2023,41,Joel Corry
3803,2023,42,Danny Avila
3805,2023,43,Mariana Bo
3807,2023,44,The Chainsmokers
3809,2023,45,Paul van Dyk
3811,2023,46,Deborah De Luca
3813,2023,47,Zedd
3815,2023,48,Nervo
3817,2023,49,ATB
3819,2023,50,Beauz
3821,2023,51,VINAI
3823,2023,52,Alesso
3825,2023,53,Nora En Pure
3827,2023,54,Tujamo
3829,2023,55,Boris Brejcha
3831,2023,56,REZZ
3833,2023,57,Topic
3835,2023,58,Blasterjaxx
3837,2023,59,KAAZE
3839,2023,60,The Martinez Brothers
3841,2023,61,Adam Beyer
3843,2023,62,Kura
3845,2023,63,Swedish House Mafia
3847,2023,64,Dubdogz
3849,2023,65,Deadmau5
3851,2023,66,Mike Williams
3853,2023,67,Burak Yeter
3855,2023,68,Julian Jordan
3857,2023,69,Ummet Ozcan
3859,2023,70,Cat Dealers
3861,2023,71,Angerfist
3863,2023,72,Plastik Funk
3865,2023,73,Tungevaag
3867,2023,74,Acraze
3869,2023,75,Tom & Collins
3871,2023,76,Deorro
3873,2023,77,Ofenbach
3875,2023,78,22Bullets
3877,2023,79,Brennan Heart
3879,2023,80,Diego Miranda
3881,2023,81,Lucas & Steve
3883,2023,82,Aryue
3885,2023,83,James Hype
3887,2023,84,Le Twins
3889,2023,85,Pink Panda
3891,2023,86,KAKA
3893,2023,87,Naeleck
3895,2023,88,MARTEN HØRGER
3897,2023,89,Ferry Corsten
3899,2023,90,MORTEN
3901,2023,91,Kölsch
3903,2023,92,Rave Republic
3905,2023,93,Cuebrick
3907,2023,94,Solomun
3909,2023,95,Maddix
3911,2023,96,Lizzy Wang
3913,2023,97,Indira Paganotto
3915,2023,98,Liu
3917,2023,99,Le Shuuk
3919,2023,100,Jay Hardway
3921,2024,1,Martin Garrix
3923,2024,2,David Guetta
3925,2024,3,Dimitri Vegas & Like Mike
3927,2024,4,Alok
3929,2024,5,Timmy Trumpet
3931,2024,6,Armin Van Buuren
3933,2024,7,Afrojack
3935,2024,8,FISHER
3937,2024,9,Vintage Culture
3939,2024,10,Peggy Gou
3941,2024,11,Hardwell
3943,2024,12,Steve Aoki
3945,2024,13,Alan Walker
3947,2024,14,KSHMR
3949,2024,15,Don Diablo
3951,2024,16,Charlotte de Witte
3953,2024,17,Anyma
3955,2024,18,R3hab
3957,2024,19,Skrillex
3959,2024,20,Lost Frequencies
3961,2024,21,W&W
3963,2024,22,Calvin Harris
3965,2024,23,Tiësto
3967,2024,24,Black Coffee
3969,2024,25,Nicky Romero
3971,2024,26,Reinier Zonneveld
3973,2024,27,Vini Vici
3975,2024,28,Fred Again..
3977,2024,29,Oliver Heldens
3979,2024,30,Jamie Jones
3981,2024,31,Carl Cox
3983,2024,32,Claptone
3985,2024,33,DJ Snake
3987,2024,34,Marshmello
3989,2024,35,Keinemusik
3991,2024,36,Joel Corry
3993,2024,37,Paul van Dyk
3995,2024,38,Quintino
3997,2024,39,Swedish House Mafia
3999,2024,40,Fedde Le Grand
4001,2024,41,Amelie Lens
4003,2024,42,The Chainsmokers
4005,2024,43,Alesso
4007,2024,44,Bassjackers
4009,2024,45,GORDO
4011,2024,46,Eric Prydz
4013,2024,47,ATB
4015,2024,48,KAAZE
4017,2024,49,Indira Paganotto
4019,2024,50,Nervo
4021,2024,51,Mariana Bo
4023,2024,52,VINAI
4025,2024,53,Above & Beyond
4027,2024,54,Zedd
4029,2024,55,Boris Brejcha
4031,2024,56,Kura
4033,2024,57,James Hype
4035,2024,58,Deborah De Luca
4037,2024,59,Tujamo
4039,2024,60,Korolova
4041,2024,61,Mochakk
4043,2024,62,Dubdogz
4045,2024,63,Julian Jordan
4047,2024,64,Burak Yeter
4049,2024,65,Nora En Pure
4051,2024,66,Dom Dolla
4053,2024,67,Deadmau5
4055,2024,68,The Martinez Brothers
4057,2024,69,Maddix
4059,2024,70,John Summit
4061,2024,71,Lucas & Steve
4063,2024,72,Danny Avila
4065,2024,73,Mike Williams
4067,2024,74,22Bullets
4069,2024,75,Sara Landry
4071,2024,76,DubVision
4073,2024,77,Cat Dealers
4075,2024,78,Kölsch
4077,2024,79,Liu
4079,2024,80,Ferry Corsten
4081,2024,81,Plastik Funk
4083,2024,82,Jax Jones
4085,2024,83,Le Twins
4087,2024,84,Tungevaag
4089,2024,85,Aryue
4091,2024,86,REZZ
4093,2024,87,WUKONG
4095,2024,88,Solomun
4097,2024,89,Cuebrick
4099,2024,90,Marnik
4101,2024,91,Mau P
4103,2024,92,KAKA
4105,2024,93,Pink Panda
4107,2024,94,B Jones
4109,2024,95,Naeleck
4111,2024,96,Rave Republic
4113,2024,97,Topic
4115,2024,98,Giuseppe Ottaviani
4117,2024,99,Faustix
4119,2024,100,MEDUZA
